"L_bankssts_surfavg","L_caudalanteriorcingulate_surfavg","L_caudalmiddlefrontal_surfavg","L_cuneus_surfavg","L_entorhinal_surfavg","L_fusiform_surfavg","L_inferiorparietal_surfavg","L_inferiortemporal_surfavg","L_isthmuscingulate_surfavg","L_lateraloccipital_surfavg","L_lateralorbitofrontal_surfavg","L_lingual_surfavg","L_medialorbitofrontal_surfavg","L_middletemporal_surfavg","L_parahippocampal_surfavg","L_paracentral_surfavg","L_parsopercularis_surfavg","L_parsorbitalis_surfavg","L_parstriangularis_surfavg","L_pericalcarine_surfavg","L_postcentral_surfavg","L_posteriorcingulate_surfavg","L_precentral_surfavg","L_precuneus_surfavg","L_rostralanteriorcingulate_surfavg","L_rostralmiddlefrontal_surfavg","L_superiorfrontal_surfavg","L_superiorparietal_surfavg","L_superiortemporal_surfavg","L_supramarginal_surfavg","L_frontalpole_surfavg","L_temporalpole_surfavg","L_transversetemporal_surfavg","L_insula_surfavg","R_bankssts_surfavg","R_caudalanteriorcingulate_surfavg","R_caudalmiddlefrontal_surfavg","R_cuneus_surfavg","R_entorhinal_surfavg","R_fusiform_surfavg","R_inferiorparietal_surfavg","R_inferiortemporal_surfavg","R_isthmuscingulate_surfavg","R_lateraloccipital_surfavg","R_lateralorbitofrontal_surfavg","R_lingual_surfavg","R_medialorbitofrontal_surfavg","R_middletemporal_surfavg","R_parahippocampal_surfavg","R_paracentral_surfavg","R_parsopercularis_surfavg","R_parsorbitalis_surfavg","R_parstriangularis_surfavg","R_pericalcarine_surfavg","R_postcentral_surfavg","R_posteriorcingulate_surfavg","R_precentral_surfavg","R_precuneus_surfavg","R_rostralanteriorcingulate_surfavg","R_rostralmiddlefrontal_surfavg","R_superiorfrontal_surfavg","R_superiorparietal_surfavg","R_superiortemporal_surfavg","R_supramarginal_surfavg","R_frontalpole_surfavg","R_temporalpole_surfavg","R_transversetemporal_surfavg","R_insula_surfavg"
1285,930,2202,1887,631,3377,4799,3770,1085,6621,3201,3471,1945,3467,661,1797,2094,779,1514,1669,5358,1218,5895,4011,1050,6621,8733,4899,5065,4892,291,553,532,2664,929,751,2001,2187,571,4220,5781,4548,926,6180,3590,3619,2024,4139,650,1690,1536,975,2079,1920,3922,1574,4974,4157,713,7691,8543,6097,4002,4151,308,523,411,2569
736,787,2105,1398,509,2778,3894,3482,1197,5482,2505,2426,1843,2961,599,1324,1587,693,1404,1187,4130,1285,5131,4072,833,6152,6562,5076,3836,3850,233,437,584,2226,792,770,1834,1574,430,2511,5224,4045,862,4588,2455,2817,1831,3197,509,1432,1412,754,1348,1488,4126,1036,5043,4234,555,6449,6803,4364,3447,3695,356,445,365,1982
1099,671,2601,1911,463,3789,4954,3251,1254,6182,3285,3485,1832,3435,725,1775,2333,928,1551,1872,4879,1325,5686,4460,848,6668,8520,6482,4986,4933,359,532,615,3062,1380,901,2139,2201,465,3678,6277,3238,1133,5928,3241,4064,2397,4048,859,1664,1669,1097,2368,2281,4227,1596,5047,4824,656,7217,7397,6475,4069,4667,316,387,417,2583
1426,688,2285,1701,351,3155,5659,3573,1434,6174,2820,3802,1956,3725,800,1319,1545,779,1509,1631,4446,1290,5476,4315,1177,6746,9194,5428,4616,4209,238,480,423,2483,1113,1028,2203,1951,423,3303,7142,3593,971,5784,2677,3674,1993,4104,722,1581,1323,809,1720,1783,3967,1372,4453,4294,1063,8112,7810,5934,4067,3394,273,494,350,2301
996,690,2024,1669,445,3163,4568,3777,1147,5218,2832,2946,1959,3336,626,1377,1780,690,1548,1334,4085,1698,5735,3787,859,5678,8138,6023,3866,3882,269,426,405,2367,1017,982,2157,1870,322,3187,5684,3408,1025,5408,2973,2850,1926,3677,664,1604,1301,849,1613,1493,3776,1449,5451,4279,744,5619,7950,5714,3884,3304,251,442,353,2388
1122,756,2528,1525,422,2925,5102,3255,1100,4329,2539,2777,1614,3777,611,1179,1744,610,1194,1328,4481,1330,4723,3960,878,5532,7627,5571,3639,4726,244,400,369,2691,1082,646,2442,1697,395,2916,6227,3131,931,4611,2762,2782,1981,3672,557,1508,1498,742,1346,1460,4010,1491,4800,3463,564,5710,7768,6007,3918,4203,330,432,329,2212
846,537,2789,1816,581,3870,5426,3854,1200,6190,2776,3913,1801,3184,673,1531,1713,701,1417,1856,4043,1240,5327,5073,880,7006,7693,6687,3598,4500,269,462,458,3034,1074,541,2279,2098,331,3401,5462,3290,875,6534,2524,3653,2157,3691,693,1884,1301,796,1531,2070,3957,914,5695,5065,659,6911,6912,6843,3845,4384,316,395,348,2773
1098,503,1766,1247,461,3135,4360,2959,1062,4394,3019,2834,2042,2984,725,1223,1890,813,1793,1091,3745,1166,4501,3907,831,5708,7250,4737,4055,4608,232,534,523,2427,1039,713,1997,1314,385,3078,5114,3058,812,5075,2756,2771,2095,3638,729,1572,1251,932,1700,1259,3922,997,5148,3634,585,5463,6952,4319,3899,4191,284,458,358,2742
1295,796,2983,1803,396,3583,5326,4345,1154,5547,2991,3580,2102,4206,753,1666,1620,825,1452,1481,4973,1718,5939,4297,1086,7183,9122,5863,4563,4978,287,475,421,2636,1190,983,2765,1793,523,3536,6209,3555,1024,5980,2850,3851,2137,4257,639,1798,1749,928,1468,1647,4558,1629,5568,4839,813,6529,8389,5981,4269,4605,319,464,400,2941
1166,657,2361,1529,530,3052,3886,3738,1018,5024,2831,2593,1741,3476,641,1327,1792,719,1373,1401,4622,1241,5854,4010,789,6100,7897,6164,4412,5600,252,492,478,2285,923,628,2209,1690,426,3177,6028,4059,924,4824,2770,2826,2150,3642,606,1607,1433,947,1885,1701,4403,1135,5198,3883,687,5966,8188,6521,3754,3969,285,506,365,2253
1073,785,2774,1470,396,3418,4543,3890,1190,4753,3337,2959,2314,3512,758,1322,1645,828,1387,1318,4659,1490,5251,4875,1130,6901,7581,5955,4956,3976,323,465,548,2304,1104,796,2053,1550,657,3125,7447,3789,971,5097,3364,2916,2196,3763,746,1757,1318,933,1578,1408,4271,1388,5036,4649,900,7194,8028,6023,4037,3420,383,423,401,2424
1012,511,2483,1609,530,2899,4303,3052,941,4923,2612,2958,2051,3134,583,1417,1465,617,1111,1465,4492,1155,5011,3786,842,5840,7802,5520,3882,3961,220,390,403,1955,1028,850,1979,1533,381,2948,5340,3409,1016,5137,2302,3257,1779,3717,607,1533,1471,733,1385,1618,4321,1553,5287,3600,730,5460,7889,5231,3675,3155,301,425,315,2017
967,728,1762,1402,448,3337,4826,4039,1033,5251,2712,2897,1849,3189,750,1478,1691,695,1684,1218,4243,1132,4593,4494,860,5751,7839,6286,4286,6276,253,468,360,2706,903,625,2081,1372,496,3547,6084,4022,805,5396,2505,2986,1932,4175,762,1612,1368,763,1414,1301,4235,1207,5041,4573,577,5548,7658,5864,3660,4350,314,438,351,2809
1233,822,3331,1748,400,3633,5332,4363,1343,5355,3144,3845,2037,4271,811,1489,1902,826,1654,1715,4699,1329,5587,5007,947,7414,8246,7125,4698,5335,281,488,495,2877,833,754,2528,1762,398,4238,6590,3696,1206,5860,3095,3827,2373,4252,784,1575,1506,1074,2020,1787,4819,1398,5130,5298,694,7494,8607,6544,4989,4771,321,501,444,3274
1382,781,2960,1759,511,3428,5131,3737,1115,5858,2918,3312,2334,3728,883,1853,2116,776,1397,1461,5265,1820,5904,4277,1364,6583,9212,6758,5025,5298,279,464,662,2634,1043,756,3252,2010,599,3184,5463,4467,1107,5170,3165,3562,2295,4214,602,1537,1448,962,1464,1508,5538,1484,6032,5110,705,6844,9275,6871,4216,4837,294,578,386,2383
1063,656,2349,1239,564,3123,4354,2872,1083,4415,2031,2689,1649,2793,587,1331,1530,747,1197,1108,3848,1250,4681,3858,781,4677,6134,5503,3598,3994,295,423,454,2072,818,677,2022,1355,507,3318,5189,3397,947,4569,2051,2792,1564,3253,624,1429,1284,775,1330,1215,3808,1263,4617,4102,422,4810,6590,5724,3401,4298,321,499,319,1985
1182,797,2091,1746,405,3540,5109,4500,1135,5622,3043,3554,2089,3867,670,1329,2228,833,1911,1656,4334,1301,4669,4657,932,7347,7896,6420,4237,4808,276,471,502,2444,861,859,2424,1573,453,3841,6465,4631,1118,6240,2957,3488,2073,4075,695,1542,1449,991,2004,1758,4710,1336,5312,4658,693,7428,7497,6281,3636,4499,300,648,349,2263
1207,887,2653,1664,539,3732,5768,4275,1053,6503,3212,3242,2419,3676,777,1258,2079,809,1572,1405,3913,1577,5266,5021,983,7286,8238,6562,4267,4907,244,528,448,2519,923,748,2561,1739,533,3647,6196,3982,1098,7166,3277,3481,2291,4279,679,1564,1338,1056,1645,1496,4692,1301,5011,5423,654,8215,7976,5792,4021,4075,387,491,421,2183
1334,894,2834,1640,504,3582,5547,4453,1122,5491,3304,2608,2099,3933,687,1474,1731,880,1263,1256,5473,1594,5809,4473,1013,8164,8390,5916,4597,4235,309,529,517,2771,938,745,3166,1554,483,3433,6010,4789,1114,6244,3136,2902,2568,4424,704,1747,1590,929,1561,1493,4813,1455,5922,5091,616,7673,8018,5743,3918,3830,340,548,317,2814
988,538,2447,1415,444,2782,4148,3569,1155,5143,2982,2866,1855,3189,646,1204,1790,807,1450,1417,4005,1195,5119,3725,878,6275,7266,5917,4044,4454,312,474,462,2439,898,813,2127,1624,532,2758,5791,3307,827,5246,2983,3396,1879,3603,633,1845,1385,1025,1861,1630,3579,1264,4985,3998,721,5540,7355,5587,3498,3669,276,519,325,2333
904,632,2283,1727,526,2456,3731,2675,1136,4471,2881,3054,1504,2969,523,1642,1725,753,1456,1569,4250,1392,5461,4779,770,5609,8326,6612,4376,4986,271,534,484,2592,830,904,2240,1900,411,2781,5000,3483,955,5130,2748,3146,1788,3906,502,1848,1406,875,1658,1700,4035,1284,5275,4674,756,5956,7263,6403,3485,4190,331,449,272,2731
1209,989,2832,2136,413,3735,5362,3581,1238,6903,2497,3377,2146,4029,642,1785,1891,420,1323,1689,4612,1614,5267,4637,876,5790,8295,5509,5157,4649,266,485,472,2353,1208,742,2546,1913,340,3406,6241,3404,1299,6050,2488,3680,1840,3808,662,1791,1592,588,1661,1718,4615,1400,5745,5032,583,6360,7905,6277,5127,4848,289,452,419,2506
752,663,2371,1511,353,2901,4629,3287,1106,4898,2189,3097,1494,3131,555,1323,1752,599,1201,1397,3916,1254,4637,3181,707,5058,5578,4974,3466,3887,235,441,398,2044,942,594,2114,1450,372,3004,5213,2581,902,5132,1862,3026,1539,3341,556,1471,1525,706,1260,1427,3536,899,4193,3701,412,5801,6355,4944,3525,3672,234,466,349,2164
1191,448,2654,1619,462,3375,4770,3258,758,6089,2495,3610,1769,3052,562,1512,1308,582,964,1705,4380,1089,4959,3456,622,5382,6769,4905,3693,4283,263,361,380,1891,872,535,2132,1984,428,3429,5816,3755,880,5816,2118,3838,1915,3511,531,1588,1269,807,1290,1988,4214,1070,4867,3684,424,5569,6945,4523,3208,3451,335,438,325,1859
1098,638,1954,1593,464,3393,6451,3579,1406,5457,2493,3176,1716,3847,787,1314,1909,771,1630,1386,4748,1310,5207,4655,906,5879,7387,5930,3894,4409,280,458,449,2501,1046,632,2399,1786,369,2947,7235,3778,1036,4977,2506,3174,1934,4407,687,1730,1369,917,1526,1838,4277,1468,5031,4590,506,6006,7298,5260,3822,3912,372,393,324,2333
1094,847,3005,1818,371,3692,3996,3589,1084,5792,3211,3528,2057,3306,777,1496,1755,708,1424,1598,4740,1541,5550,4783,1065,6642,8291,5517,4019,4959,295,498,450,2960,954,559,2737,1796,385,3198,6072,3993,903,4965,3466,3450,2363,3933,618,1436,1415,912,1486,1696,4461,1290,4699,5101,762,7637,8887,6210,3952,3288,390,505,291,2220
883,719,2227,1734,407,3436,4832,3186,1398,5145,3013,3232,1915,3387,753,1514,2261,845,1778,1289,4263,1393,5352,4251,883,7014,7994,7022,4650,4908,331,498,676,2544,969,751,2707,1598,386,3793,5777,3845,896,6153,3018,3508,2093,4083,827,1614,1478,776,1850,1588,4070,1173,5359,4441,650,7116,7241,6455,3967,4241,355,525,416,2318
1120,586,2378,1611,508,3269,5233,3723,977,5107,2865,2917,1544,3441,753,1432,1481,775,1180,1518,4542,1283,4807,3956,835,5721,7284,5690,3817,3962,250,555,423,2552,1071,609,2226,1511,400,2840,6583,3275,902,4612,2655,3462,1937,3748,600,1504,1290,895,1452,1588,4369,1087,4900,4097,632,5471,7133,5224,3951,3837,297,520,320,2553
1014,582,2394,1887,362,3040,4056,3001,903,5053,2843,3436,1830,2970,541,1305,1633,653,1487,1901,4203,1035,4590,3803,946,5977,7059,5424,4423,3949,243,401,421,2540,991,829,1643,1864,362,2674,5673,3207,966,6143,3053,3486,2028,3446,521,1470,1388,903,1842,2123,3823,1202,4469,4037,843,5775,7248,4724,4044,3556,250,510,336,2246
889,566,2298,1780,541,3138,5017,2477,1114,5527,2045,3502,1363,2754,568,1118,1406,506,993,1497,4010,1166,4747,4367,629,4874,6760,6308,3901,4923,246,450,455,1924,971,744,1777,1579,455,2995,6328,2995,1180,6839,1851,3316,1509,3038,545,1447,1305,599,1275,1420,3986,1294,4543,4070,477,4546,6628,5758,3578,3685,293,397,321,1872
1102,865,2582,1617,493,3597,5227,3561,1097,5515,3248,3470,2193,3275,766,1649,1819,897,1663,1442,4387,1682,5774,4472,1105,7579,9086,5829,4824,4708,260,582,542,2837,1103,759,2504,1842,526,3359,6427,3803,1114,5167,3440,3628,2189,4184,776,1849,1760,988,2042,1690,4590,1395,5936,4842,610,7881,8994,5555,4112,4302,313,395,489,2490
853,626,2397,1254,424,2678,3979,3109,958,4638,2704,2873,1808,2811,602,1276,1657,697,1451,1362,3947,1198,4302,3136,732,5298,7146,4617,3917,3655,295,432,436,2636,770,513,2198,1528,357,2796,3973,3012,820,4523,2762,3032,1901,3236,603,1635,1533,909,1607,1521,3553,921,4462,3545,621,5237,6855,4709,3712,3085,325,355,320,2648
1049,687,2578,1646,413,3073,4640,3352,1254,5485,2937,3806,1908,3287,553,1486,1455,629,1088,1563,4294,1432,5435,3739,932,5987,7650,5507,4301,4944,305,506,395,2349,1127,528,1966,1587,411,3178,6324,3182,1226,4780,2710,3717,1937,3732,603,1482,1384,804,1792,1555,4174,1185,4930,4298,647,6212,7547,5995,3787,3680,301,408,349,2207
833,828,3495,1479,538,3158,4225,3208,1231,5083,2573,2747,1583,2938,571,1749,1912,682,1595,1289,4826,1508,5635,4547,1119,5657,8676,5930,4076,4592,242,398,607,2820,921,615,2986,1633,543,3463,4926,3456,962,5181,2600,3194,2189,3631,637,1865,1639,893,1791,1505,5207,1067,5438,4980,625,6113,8637,5796,4080,4035,357,477,366,2873
890,610,2382,1433,414,2882,4301,2871,920,5927,2118,2805,1540,3356,553,1285,1849,540,1208,1188,3815,1503,4926,3683,872,4764,6859,5138,3681,3952,248,437,452,2377,808,775,2408,1446,462,3256,5284,2960,827,4798,2313,3257,1679,3218,630,1772,1454,822,1277,1177,3979,1362,4950,3718,669,5474,7022,5413,3369,3806,233,451,363,2259
1154,720,2605,1489,476,3419,4783,3843,1420,6689,2924,3822,1885,3523,608,1432,1990,698,1535,1688,4622,1497,4879,4056,901,6063,7174,4971,4001,4008,230,432,380,2336,1104,821,2088,1782,367,3239,6360,3277,1158,6363,2966,3889,2232,4195,596,1251,1206,1099,1453,1792,4366,1467,4647,4549,676,6455,6697,5322,3846,3832,308,477,302,2224
972,753,2484,1429,312,3653,6047,4061,1281,5941,3000,3546,2271,4295,759,1665,1608,857,1397,1049,4934,1321,5319,4633,1306,7391,10548,7213,4388,5682,253,544,522,2544,1396,1224,2145,1779,426,3804,6650,4588,912,5640,3193,3910,2482,5009,772,2111,1456,867,1805,1582,4630,1616,5079,4988,925,8633,8564,7047,4168,4800,341,560,352,2603
819,731,2561,1469,457,2985,4342,3362,954,5069,2630,2623,1830,3378,620,1407,1751,776,1573,1353,4625,1226,5286,4036,947,6824,8509,5393,4692,3919,242,439,562,2799,1117,763,2275,1566,414,3354,5560,3418,815,4815,2786,2876,2076,3807,534,1598,2046,976,1907,1429,3769,1287,4976,4545,803,6779,7760,5129,4476,3604,280,429,414,2305
1103,674,2245,1795,389,3690,4986,3623,986,6264,2779,3345,1727,3415,606,1495,1551,644,1209,1538,4359,1189,5237,4048,781,5441,8119,5449,4346,4264,253,445,400,2379,914,673,2168,2277,358,3514,5049,3489,903,5476,2658,3623,1985,3737,578,1598,1285,744,1353,1840,4608,1161,5362,4234,647,5446,7238,6543,3753,4054,289,392,391,2130
1162,542,1914,1739,339,2660,4401,2290,877,4470,2581,2466,1598,3070,594,1407,1644,733,1368,1125,4051,1262,4511,3639,552,4929,7218,5579,4144,3940,216,373,535,2275,845,593,1813,1513,311,2433,5207,2504,889,4604,2492,2815,1781,3623,537,1395,1485,838,1551,1286,3787,1266,4670,4165,577,4573,6326,5730,3587,3596,241,348,306,2105
1144,880,2181,1577,503,3526,4695,3416,1033,5325,2667,2954,1868,3515,626,1295,1726,730,1289,1443,4291,1467,4879,4100,870,6137,7403,5922,4175,3563,236,493,443,2512,1106,756,2046,1444,567,3393,5655,3544,911,5105,2820,2805,1883,3492,798,1529,1853,898,1777,1292,4465,1178,4813,3749,654,6209,7386,6485,3923,3488,239,478,395,2444
1065,630,2518,1542,400,3075,4372,3635,1240,5324,2904,3288,1901,3803,755,1592,1945,799,1433,1734,4454,1313,5186,4547,1070,6673,8492,5286,4187,3607,263,456,505,2450,937,980,2154,1785,405,2872,4945,3508,1058,5329,2754,3812,2154,3806,624,1584,1775,983,1792,1998,3703,1492,4864,3940,844,6565,7788,5691,3938,3491,309,459,365,2494
1307,812,2699,2013,520,3921,5681,4553,1254,5914,3044,3638,2186,3973,649,1540,1977,835,1552,1738,4774,1522,5912,4859,1345,6593,8509,5560,4985,5340,263,523,523,2557,1102,899,2906,1974,381,3437,6267,4537,1207,6407,2996,3872,2282,4722,723,1511,1686,1114,1675,1774,4891,1625,6368,4855,794,6212,8134,5554,4482,3948,319,554,426,3012
1197,572,2928,1445,363,2890,5266,3384,1223,4948,2699,2528,2024,3447,556,1546,1692,638,1039,1141,5294,1220,5200,4363,957,6212,8558,5005,4508,4682,275,402,506,2252,1051,674,2741,1511,373,3338,6142,3193,939,4881,2073,2975,1989,3541,583,1681,1448,613,1319,1438,4556,1614,5055,4721,490,5744,6859,6050,4081,4447,297,399,333,2584
1279,801,2280,1517,419,3479,4674,3781,1345,5065,2707,3496,1646,3703,659,1451,1883,841,1554,1503,5332,1317,5219,4790,970,7227,8146,7552,4044,6552,318,514,446,2654,1174,758,2442,1589,372,3410,6849,3477,1498,6289,2606,3537,1933,4096,716,1523,1754,971,1688,1724,5047,1839,5243,4505,690,6872,6858,7169,4090,4898,328,341,347,2568
958,618,2728,1880,529,3569,5758,3509,1182,6160,2718,3564,2100,3074,664,1528,1548,673,1201,1730,4668,1268,5576,4181,836,5533,7921,6001,4399,5062,235,496,560,2429,1161,707,2013,2060,543,3688,7463,3503,1135,6568,2813,3829,2080,3717,663,1651,1364,855,1457,2032,4312,1364,5405,4671,504,5950,7544,5665,3798,3631,327,472,391,2204
1090,595,1894,1289,400,2881,4620,3113,1005,5071,2352,2725,1748,2797,620,1440,1569,634,1329,1119,3902,1244,4921,3798,639,4673,6673,5450,3891,4343,277,396,454,2016,1002,520,1890,1352,314,2981,6011,3338,853,5189,2188,2991,1807,3387,657,1526,1502,819,1523,1255,3678,1002,4660,4131,467,4782,6405,5740,3324,3664,239,450,290,2181
1022,986,2324,1491,586,2980,4514,3391,1200,4715,2911,3092,2088,3191,688,1523,1735,770,1511,1186,4145,1683,5455,4580,1025,5734,6917,5494,4289,5052,310,514,557,2680,835,719,2210,1849,510,3324,5869,3460,1095,4923,2768,3311,2233,3477,619,1682,1831,816,1836,1559,4073,1228,4667,5288,684,6075,7287,5709,3583,3993,295,541,337,2605
1513,600,2405,1540,478,3340,5536,4218,1337,5838,3252,3227,1886,3751,800,1485,1671,987,1535,1403,5131,1431,6223,4142,791,6353,9545,6399,4537,4262,309,490,572,2711,1237,668,2413,1729,524,3043,5889,3830,1306,5121,2935,3088,2178,4003,641,1671,1528,1066,1935,1869,4558,1289,6256,4852,660,6084,7793,6611,4645,4279,277,525,364,2953
1270,984,2778,1458,310,3261,4389,3436,1132,5012,2703,3274,1707,3380,587,1511,1602,654,1238,1372,4042,1574,4966,3761,997,5707,7064,4940,4302,3510,274,445,440,2293,1074,794,2253,1485,274,3485,5592,3187,895,4904,2470,3165,1898,3648,542,1574,1765,753,1448,1556,3790,1293,4858,3882,640,5520,6681,5055,3878,3209,252,440,356,2525
1239,579,3156,1646,543,4052,6456,3857,1072,5721,3098,3173,1869,3712,906,1669,2139,778,1473,1451,5220,1334,5767,4820,976,7156,8621,6954,4566,5076,271,568,653,2531,977,646,2861,1667,602,3713,6781,3502,856,5204,2900,3612,2082,4620,842,1914,1904,918,1690,1470,5463,1081,5892,5063,642,6933,8913,6684,4317,5613,354,481,440,2862
984,551,1875,1218,490,3082,4698,2747,862,4607,2658,2808,1495,2866,712,1281,1490,700,1270,1235,3535,1002,4472,3681,708,4329,6598,5130,3685,3428,187,447,403,2449,943,500,1974,1334,464,2823,4947,2929,700,4584,2625,3205,1728,3248,637,1392,1297,819,1448,1484,3161,970,4293,4089,369,4692,6776,5203,3574,3334,289,467,322,1864
1109,607,1993,1445,310,2617,6076,3083,804,4680,2420,2874,1551,3566,641,1337,1419,697,1247,1427,4141,1126,5065,3787,915,6376,7074,5936,4077,3954,259,383,430,2432,1159,519,1864,1492,370,2998,5528,3140,898,4952,2502,2994,2013,3904,638,1613,1401,730,1397,1449,4380,1334,5399,3844,532,6388,6819,5265,3790,4437,314,484,297,2013
1242,612,2659,1862,539,3483,4474,3632,1103,5068,3225,3576,1949,3600,733,1491,2352,867,1987,1802,4342,1336,5460,4537,833,5955,8138,6946,5011,6498,257,381,607,2960,1064,782,2294,1880,494,3149,5924,3510,1094,5818,2907,4052,2134,3878,711,1915,1379,980,1771,2113,4865,1332,5354,4390,728,6770,8123,5903,4348,4568,332,471,499,2559
905,541,3089,2028,524,3269,5734,3978,1125,5806,3206,3619,1882,3578,618,1597,1941,905,1544,2029,4379,1636,5583,4555,1033,6470,9479,6209,3960,3827,276,576,446,2831,983,679,2703,2022,562,3637,6149,4120,861,5025,3411,3672,1965,3909,540,1957,1781,850,2021,1929,4130,1574,5758,4848,804,6303,9204,6313,3740,4264,361,548,325,2519
942,586,1906,1209,461,2798,5012,3075,1126,5198,2411,2677,1673,3000,579,1410,1699,611,1574,1162,3915,1093,4662,3699,602,3844,6135,4840,3532,3774,210,480,429,2190,1173,470,1805,1495,462,2819,5918,2995,974,4618,2267,2917,1762,3708,535,1578,1682,796,1709,1335,4196,963,4628,4098,338,3886,6327,4692,3731,3109,253,530,322,2328
1070,669,2366,1534,556,3325,5041,3435,1010,5106,3008,2935,1711,3352,691,1375,2028,760,1923,1261,4047,1258,5039,4341,818,5616,7622,5701,4301,3829,239,400,505,2677,934,613,2077,1589,453,3372,5432,3443,898,4732,2592,3200,1978,3526,654,1746,1428,1005,2021,1551,4053,1349,5469,4617,550,6004,7058,5994,3548,4115,304,436,301,2661
1063,725,2976,1563,495,3922,4825,3463,1158,5516,2723,2769,2053,4055,782,1555,1277,709,1187,1665,4319,1305,5360,4628,908,5988,8686,6196,4191,6298,253,508,443,2571,795,663,2774,1876,560,3204,6953,3505,1091,5137,2710,3577,2370,4254,844,1632,1318,925,1562,1859,4217,1180,5430,5093,485,6178,7803,6615,4170,4655,258,518,362,2679
1348,578,2330,1525,566,3377,5340,3467,1195,6235,3168,3508,2155,3811,792,1630,2188,726,1689,1433,4293,1176,5385,4941,1032,6135,7958,6841,4442,5144,267,454,458,2955,1169,790,1908,1774,379,3183,6592,3064,1199,5196,2988,3600,2369,4163,743,1907,1720,966,2093,1800,4223,1580,4971,5448,577,6177,7567,6765,4004,4136,323,545,385,2318
907,626,2006,1454,530,3171,4756,3589,1008,4156,2478,2845,1765,3388,632,1123,1767,772,1192,1445,3733,1136,4681,3431,726,6292,7510,5337,3899,4823,204,499,428,2162,1152,615,1649,2091,451,2931,4627,3016,957,5817,2466,2934,1957,4032,631,1231,1154,866,1514,1450,3810,978,4206,3744,466,6353,7031,5870,3858,4103,315,363,252,2394
1216,461,2613,1276,382,3164,4927,3937,1164,5811,2307,3249,1637,3725,640,1478,1304,711,1132,1208,4224,1045,4678,4830,652,5090,7291,6831,3848,4381,255,454,408,1848,847,573,1995,1639,316,3047,6211,3699,1012,5844,2353,3701,1778,3896,633,1616,1234,942,1435,1248,3721,1325,4707,4349,421,5112,6620,6275,3716,4117,314,423,302,2127
1497,1047,2655,2005,380,3686,5658,3681,1206,5909,3110,3800,2078,3689,660,1476,1797,766,1524,1742,4896,1556,5176,4357,941,7373,7953,5947,4923,4465,204,383,657,2475,1127,714,2572,2077,452,3814,7234,3960,1059,5819,3379,3770,2048,4096,678,1651,1575,1040,1762,1816,4341,1412,5301,4591,606,7043,8143,6568,4125,3794,310,500,317,2375
1054,578,1929,1258,465,3194,4031,3281,871,5030,2744,2854,1878,3147,651,1513,1765,660,1210,1409,4017,1120,4341,3746,932,4885,7274,4747,4166,3709,267,500,472,2369,989,844,1842,1335,349,2568,4810,2948,925,4683,2420,2857,2053,3781,566,1580,1416,781,1579,1545,3691,1560,4452,3784,560,5347,6562,4876,4194,3958,333,487,371,2418
962,718,3117,1581,479,3966,4622,3650,1073,5509,3039,3021,2132,3809,644,1416,1826,613,1603,1459,4609,1423,5352,4995,822,6108,8353,6241,5210,4481,268,460,597,2876,1028,963,2511,1466,402,3585,6172,3821,1048,5076,2606,2847,2190,4447,812,2017,1327,955,1742,1341,4952,1371,5482,5143,780,6092,7860,6082,4685,4368,308,454,373,2521
940,548,2314,1580,453,2825,4235,3367,1106,4478,2623,3177,1577,3480,622,1250,1836,700,1367,1187,3892,1299,4884,3752,651,5415,7002,5710,4322,5457,232,450,421,2684,922,780,2148,1470,442,2687,5173,3810,960,4531,2911,2679,1801,3838,620,1369,1335,742,1369,1422,3905,1238,4907,3870,714,5478,6605,5351,3933,4661,282,468,334,2205
1367,568,2157,1500,374,3338,5323,3358,1108,5212,3024,3735,1736,3271,712,1541,2498,874,1525,1773,4623,1231,5353,4625,765,6377,7133,6607,4307,4176,256,433,543,2895,901,778,1974,1986,305,3655,6384,3396,989,5661,2936,3581,2220,3642,743,1695,1821,970,2072,1946,4381,1414,4948,4370,609,6634,6369,5837,3759,3672,355,433,320,2333
1286,745,2310,1245,525,3161,4957,3482,1302,5004,3305,2439,2148,3002,779,1603,1618,769,1608,1138,4176,1520,5218,4450,949,7072,8745,6731,4415,4495,315,525,541,2318,955,907,2500,1651,477,3380,5491,4127,881,5012,2659,2393,2062,4058,659,1944,1539,948,2025,1242,4058,1738,4800,4700,768,7743,8470,5969,4367,3954,306,495,399,2468
1389,528,2143,1374,658,3103,5219,3754,1129,5317,2640,3251,1835,3606,816,1122,2051,584,1562,1111,4259,1072,4440,3605,756,5287,6907,5160,4223,4777,234,484,494,2476,989,668,2098,1301,416,3984,5886,3474,936,5234,2884,2573,1926,3621,797,1211,1582,857,1653,1394,4115,1063,4836,3701,564,5761,6062,5589,4327,4496,306,483,377,2342
1123,679,3011,1285,479,3081,5062,3439,1451,4646,3046,2560,1739,3252,704,1344,1749,706,1563,1353,4126,1170,4776,4457,1109,5626,8332,6519,3821,4494,231,447,467,2650,988,645,1866,1461,400,3071,6242,3524,837,4729,2763,2735,2209,3713,555,1531,1559,973,1696,1631,4035,1171,4485,4289,663,6122,8459,5453,3994,3733,331,506,359,2517
1236,758,3098,1738,554,3591,5111,3680,1335,4708,3056,2392,2245,3209,788,1695,1717,882,1491,1274,4435,1373,5809,5061,972,6334,8535,6189,4667,4122,252,526,622,2598,924,689,2314,2103,409,3654,5593,3492,1151,4863,3025,2848,2185,3676,609,1717,1841,964,1675,1607,4154,1429,5819,5678,739,6144,7869,5813,4413,3599,316,455,490,2556
1135,720,3004,1511,573,2898,3851,3583,1047,4150,2213,3128,1896,2879,717,1217,1353,620,1295,1391,3932,1274,5271,4591,956,6049,7676,6268,3798,5114,285,516,389,2321,932,839,2404,1552,458,3282,5940,3654,829,5108,2190,2956,2110,3320,534,1472,1216,804,1756,1493,3676,1245,4674,4898,681,6817,6550,5959,3163,3281,339,400,292,2266
1133,799,2887,1635,468,3649,5412,4187,1342,6183,3268,3528,1684,3652,813,1508,1671,874,1757,1951,4967,1637,6268,5052,1126,6911,8993,8245,4558,4655,244,524,505,3076,1258,760,3288,1849,556,3605,7379,3789,1017,6326,3627,3755,1999,4305,712,1508,1787,968,1677,1641,4184,1379,5598,6083,927,6830,8739,7581,4338,4498,284,515,391,2506
823,418,2153,1581,539,2932,4378,3611,1089,5492,2163,2452,1465,2796,678,1411,1549,649,1571,1121,4133,1073,4851,4356,490,6041,7361,6207,3862,4593,234,519,390,2544,851,824,2035,1271,436,3232,6219,3433,967,5060,2143,2489,1670,3481,555,1323,1396,738,1613,1249,3930,1273,4873,4101,732,5036,6029,5981,3163,3400,238,465,281,2444
951,536,2166,1642,400,3269,3651,3117,1111,5026,2108,3093,1315,2986,580,1270,1577,579,1230,1510,3620,1135,4374,3864,811,4859,6373,5007,3232,3884,267,420,358,1910,848,854,2253,1608,374,2803,5010,3119,962,4824,2153,3340,1507,3349,551,1393,1475,744,1520,1572,3530,1310,4322,3968,585,4437,5960,5366,3225,3235,309,423,293,1884
914,557,1879,1893,448,3555,4420,4047,1112,6807,2594,3200,2121,3520,811,1538,1458,699,1384,1716,4088,1229,5383,3796,528,6089,8570,5287,4733,3812,282,491,628,2111,899,808,1530,1662,494,4155,5930,3831,1086,6590,2752,3280,1980,3762,630,1397,1454,877,1456,1463,4010,1161,5320,4113,696,6171,7270,5223,4288,3753,326,497,371,2267
938,643,2554,1551,462,3475,4676,3006,911,5178,2573,2208,1761,2705,659,1031,1432,674,1251,1392,3639,1001,4676,3615,833,5877,7069,6139,4099,4057,279,450,466,2319,975,562,2450,1503,557,3020,4715,3225,900,4029,2313,2546,1971,3257,625,1419,1351,675,1342,1496,4386,1074,4847,3913,492,5281,7476,6069,3493,4326,258,475,331,2186
1111,480,2734,1785,712,3708,6000,3756,1317,6809,3292,3868,2513,4068,706,1668,2225,850,1531,1693,5042,1194,6118,4915,850,6187,9202,6352,4751,5135,328,556,469,2391,1164,974,2267,1554,660,3204,7257,4342,1273,5553,3006,3780,2440,4408,629,1658,1602,1158,2312,1885,4523,1250,5297,4964,975,7331,7708,6683,4298,4546,363,502,414,2318
940,782,2153,1767,281,3224,5003,3211,1418,4804,2622,3063,1610,3370,693,1367,1690,708,1336,1383,4163,1252,4718,4076,772,5543,7452,7153,3605,3550,237,476,413,2489,815,602,1986,1772,430,3343,6145,3082,1247,4603,2344,3282,1845,3274,691,1296,1277,813,1430,1372,4301,1274,4880,4422,555,6876,7374,5887,3238,3590,264,505,236,2526
1450,564,2549,1774,481,3170,4885,3469,974,5404,2976,3114,1856,3305,686,1376,1959,758,1459,1452,4221,1015,4709,3733,1017,4929,7643,5420,4350,3982,235,448,379,2535,984,791,2446,1639,414,3225,5701,4355,1176,4514,2581,3871,2004,3913,648,1262,1304,872,1422,1546,4067,1364,4937,4313,617,5574,7275,5429,3675,3868,270,563,358,2205
1769,552,2555,1360,392,3342,6036,3794,1113,5709,2639,3598,1669,3771,722,1548,1701,696,1411,1439,4640,1430,5206,3731,795,6191,8408,5769,4625,5276,249,473,551,2496,1103,579,2006,1701,388,3410,6498,4255,954,5495,2454,3234,1773,4386,717,1811,1483,960,1872,1441,4655,1345,4838,4198,569,6835,7421,6150,4429,5231,247,530,456,2522
1191,1395,3314,1685,562,3395,5826,3702,1130,5921,3391,3699,2395,3805,849,1739,1693,845,1340,1438,5011,1776,6733,4519,1379,7291,8627,6168,4704,4170,287,567,541,2466,1108,1025,3281,2026,533,3378,6273,4356,977,5736,3233,3644,2249,4446,546,2130,1315,1012,1646,1778,5196,1874,6047,4816,922,7679,9325,5403,4227,4671,302,571,340,2644
1099,985,2858,1661,445,3572,5921,4198,1234,5714,3046,3956,2232,4117,774,1452,1661,715,1413,1584,4596,1524,5341,4696,1122,6741,7940,7196,4166,4864,326,514,476,2990,1038,783,2248,1921,387,3517,7519,3649,1003,7162,3161,3674,2197,4004,719,1607,1524,798,1762,1940,4534,1148,5611,4691,829,6859,7240,6585,4035,4148,347,499,361,2518
989,577,2458,1676,521,2783,4428,3426,932,5086,2531,2876,1721,3327,625,1570,1705,694,1546,1361,4497,1114,5087,3863,776,5782,8097,5333,4140,3870,301,409,437,2573,938,923,2224,1845,370,3083,5441,3004,852,5518,2336,3340,1860,3471,590,1711,1515,888,1508,1599,4124,1334,4961,4408,611,5137,6992,6225,3860,3238,325,372,330,2281
1173,708,2189,1978,439,3772,6437,4392,1395,6323,3070,4321,1969,4318,684,1731,1858,756,1538,2120,4846,1374,6059,5019,941,6737,7988,6431,4871,5084,249,498,493,3066,1127,1153,2818,2282,388,3865,6887,4136,952,6233,3486,4503,2280,4265,798,2462,2050,963,1800,2256,3891,1539,4836,3675,889,10622,9444,4719,4105,3179,304,464,363,3107
1054,709,2335,1582,373,2964,4312,3589,1157,4187,2676,2365,1628,3217,671,1447,1736,613,1519,1312,3636,1389,4721,3768,823,5692,7316,5533,4008,4614,228,526,470,2316,958,717,2436,1308,296,2881,5705,3394,1047,4427,3087,2723,2195,3615,606,1515,1393,763,1572,1333,3762,1389,4632,4244,615,5917,7232,5548,3690,3807,243,500,340,2151
1044,893,2829,1554,332,3661,5515,3803,1046,5465,2917,3398,1998,4342,766,1496,2391,691,1616,1661,4579,1538,5508,4514,952,6464,7800,6897,5180,4888,251,468,589,3082,743,659,1805,1922,369,3479,6386,4368,845,6881,2747,3903,2020,4573,679,1442,1838,897,2200,1785,4636,1059,5839,4985,693,7310,7198,6801,4422,4100,296,407,411,2825
1050,573,2480,1479,525,3885,5241,3812,1168,5514,2874,3118,1966,3624,840,1059,1892,765,1491,1449,4597,1111,5390,4373,650,5791,7394,7150,4879,5118,282,512,433,2751,1005,617,2347,1573,429,4035,5988,3722,1037,4738,2654,3193,1673,3875,783,1332,1840,890,1986,1317,4663,1000,5285,4956,597,5827,6881,6656,4315,4336,334,447,374,2782
1281,788,3409,1814,432,3999,6868,4524,1484,6343,2856,3112,2193,4075,867,1315,2665,719,1633,1256,4280,1595,7164,5372,1013,6517,10926,5307,4725,4328,273,532,514,3013,1098,995,2764,2451,368,3860,4760,4725,1013,6010,2902,3681,2147,4986,819,1572,2250,897,2335,1972,4036,1439,5060,5830,828,9346,11275,5641,4862,2911,385,617,464,3138
1101,557,3219,1753,458,3300,4752,3688,1191,5872,3091,3856,2144,3419,682,1675,1786,762,1733,1550,4423,1328,5482,4749,926,6882,8276,6206,4382,5155,233,506,504,2458,946,962,2952,1863,459,3625,6312,3371,1126,5854,3283,3959,2169,3908,736,1598,1810,1062,1987,1740,4343,1420,5620,5028,797,6337,7659,6426,4329,3729,345,520,419,2441
1040,558,2225,1613,504,3126,4355,3105,984,4497,2647,2979,1728,3034,547,1625,1755,697,1442,1393,4058,1075,4470,3517,764,5825,7305,5336,4029,4545,221,447,432,2380,993,785,2047,1560,450,3148,5437,3325,817,5263,2844,3163,1859,3260,559,1389,1557,783,1970,1517,3582,1270,4779,3526,557,5465,5764,6003,3470,3793,261,445,384,2282
1147,637,2179,1761,458,3144,5095,3944,1263,4402,3200,3327,1964,3498,731,1508,1801,704,1237,1720,4436,1344,5019,3797,766,6090,7515,5189,4194,4390,305,517,479,2574,1057,629,2324,1517,389,3281,5351,3465,999,5020,3211,3435,1928,3930,551,1660,1358,757,1329,1767,4804,1158,5623,4061,700,5513,7748,5460,4056,4889,363,448,371,2337
1055,636,2121,1258,378,3274,4500,3801,926,4435,2762,2790,1787,3944,628,1298,1882,677,1459,1223,4624,1281,4672,4104,950,6393,7926,5834,4280,4619,327,366,478,2096,990,1019,2257,1581,397,3303,5543,3661,803,4652,2603,3334,1965,4037,608,1539,1257,901,1605,1515,4469,1446,5013,4679,699,6427,6863,5529,3820,4260,324,400,365,2155
1029,577,2243,1675,392,3094,4345,2836,1123,4839,2521,3137,1632,2996,593,1435,1891,663,1510,1526,3829,1301,4549,3907,778,5223,7003,6032,3809,4248,261,395,387,2409,861,604,1833,1543,421,3285,5085,2893,978,5945,2806,3140,1917,3229,593,1346,1370,829,1378,1349,4245,1264,4695,4261,470,5073,7122,5699,3380,3117,295,374,295,2103
987,763,2625,1638,614,3437,5247,3482,1271,5618,2812,4006,1826,3165,716,1450,1785,698,1378,1931,4293,1379,4735,4457,926,5887,7686,6060,3660,4210,248,510,343,2346,1044,873,2669,1822,533,3093,6296,3237,1161,6042,2551,3918,1732,3585,694,1555,1364,766,1448,2090,5351,1285,5674,4482,588,5847,7261,5214,3933,3416,298,457,316,2335
984,617,2414,1494,528,3123,4029,2931,1169,5667,2865,3094,2020,2825,590,1545,1849,668,1437,1159,4388,1405,5285,4091,828,5410,7600,5946,4105,4238,269,444,459,2257,1213,680,2043,1340,418,2817,5940,2992,1035,5012,2643,3292,1890,3416,716,1760,1450,947,1333,1215,4132,1316,4827,4714,599,6238,7631,6025,4126,3765,320,464,377,2493
1291,770,2507,1821,629,3620,5604,3998,1288,5741,3005,3810,2690,3674,726,1500,1825,733,1397,1967,4573,1672,5311,5257,1020,7441,8337,6833,3933,3996,313,526,435,2402,1233,875,2690,1989,467,3633,5479,3383,1311,7093,3222,4321,2076,3871,677,1751,1663,980,1843,2207,4456,1560,5411,5411,737,6824,8252,6358,4237,4964,346,472,315,2266
1029,727,2903,1861,324,3479,5412,3935,1336,6003,2785,3811,1956,3904,725,1625,2016,623,1499,1429,4807,1389,5801,4872,888,6168,8195,6491,4555,4601,301,400,478,2929,948,813,2337,1928,309,3391,6050,3953,1248,5525,2412,4011,1865,3890,677,1715,1893,805,1974,1951,4878,1650,5341,5127,734,6218,7714,5907,4478,3767,315,419,426,2987
1082,767,2531,1463,450,3246,5064,3437,1185,5809,2371,2950,1633,3267,595,1577,1439,722,1299,1061,4468,1381,5237,4004,890,5853,7342,6717,3929,4479,234,425,548,2211,1006,622,2407,1530,391,3148,6175,3421,1047,6184,2422,2874,1928,3781,629,1628,1347,713,1136,1250,4122,1277,5335,4078,542,5681,7539,6612,3690,3840,278,458,406,1983
993,718,2382,1294,546,3622,5564,4766,1052,6456,3238,3231,2029,3959,594,1439,1566,783,1330,1541,5198,1099,5324,4780,1237,6092,7147,6826,4437,5732,359,510,509,2739,1151,688,1916,1681,502,3568,5963,4068,789,6225,2777,3104,2586,4645,559,1816,1355,765,2282,1524,4144,1016,4817,3718,762,8045,10172,5514,4170,2639,360,548,390,2983
1238,828,2795,1646,482,3820,6643,3611,1035,5561,2696,2858,2095,3224,774,1695,1662,625,1465,1272,4871,1502,6096,4957,961,6184,8825,7776,4901,5058,289,492,589,3131,1099,598,2897,2037,496,3696,7158,3239,898,5896,2514,3368,1958,3376,783,1895,1395,871,1439,1653,4787,1349,6145,5270,831,6289,8081,7755,4649,5582,341,568,415,3508
1574,645,2441,1540,333,2974,5809,3162,1169,5071,2073,2931,1645,3854,746,1401,1501,664,1115,1242,4656,1506,5509,3613,768,4995,7517,5359,4025,6455,270,427,372,2133,978,782,1628,1545,400,3753,6103,3835,843,5646,2288,2721,1683,4045,644,1564,1338,912,2107,1348,4077,1463,5202,3753,611,6950,9421,4176,3457,2821,424,389,297,2261
975,601,2196,1212,520,3396,4430,3619,1306,5402,2848,2735,1793,2865,672,1287,1634,860,1828,1125,4028,1291,4564,3792,730,6852,7624,5055,3884,4038,252,445,507,2839,1042,685,2243,1411,479,3367,5247,3362,1035,5422,3060,2959,2134,3282,592,1405,1411,1024,1580,1452,3881,1490,5544,4137,499,6803,7380,4895,3817,3044,230,523,359,2382
890,454,2017,1531,487,3118,4000,3134,1081,5727,2939,3547,1942,3055,704,1711,1523,899,1465,1587,4269,1339,5194,5316,975,6002,8023,7118,4015,4651,244,427,408,2333,828,611,2166,1697,417,3022,5248,3312,993,6176,2595,4017,2071,3358,592,2024,1432,869,1739,1895,4773,1231,5369,5479,614,5038,7782,6381,3644,3929,304,485,401,2563
1171,623,2426,1516,470,3683,5310,4133,922,5524,2888,2742,1770,3186,695,1495,1783,766,1128,1317,3943,1166,4645,4113,845,6323,7508,5695,3701,4904,237,496,422,2339,1007,809,2399,1409,458,3202,6705,3475,853,4577,2637,3471,2004,3596,595,1629,1366,840,1404,1516,4003,1311,4817,4135,539,5868,7651,6608,3835,4418,328,479,394,2447
1116,763,1974,1267,419,2893,5648,3189,976,5173,2597,3074,1923,2757,653,1428,1964,639,1177,1230,4274,1508,4515,3644,888,4523,6075,5088,3485,3582,207,388,378,2363,875,926,2693,1317,381,2748,4884,3110,899,5259,2283,3060,1999,3501,633,1391,1425,702,1624,1476,3057,1411,5025,3515,738,5607,7896,4114,3452,2877,296,541,284,2479
1227,611,2260,1697,598,3528,4497,2950,1516,5014,3256,3309,2092,3192,623,1559,1861,801,1468,1593,4463,1523,5076,4299,911,7310,8589,6598,4866,6622,296,599,530,2900,942,728,1991,1853,425,3183,5408,3488,1258,6359,2889,4218,2147,3991,648,1589,1707,897,2168,2010,4356,1625,5038,5306,718,6267,7631,6653,4602,5031,324,469,396,2989
1167,574,3043,1404,342,3235,5214,3479,1175,4783,2570,2945,1745,3526,771,1537,1784,766,1237,1398,3942,1257,4844,4381,764,7206,7967,5084,4410,5157,225,451,524,2508,1040,809,2288,1760,438,3459,6409,3297,1062,4524,2568,3289,1954,3571,671,1449,1476,830,1545,1713,3952,1288,4987,4567,655,7188,7233,5374,4121,4069,288,476,411,2570
923,609,2736,2048,420,3405,4892,3754,1665,5128,2894,3600,1813,3409,684,1451,1879,774,1455,1914,4484,1286,5592,4715,730,6037,8305,7673,4424,6466,291,597,556,2711,1134,826,1881,2255,495,3185,5961,2977,1575,6035,2505,3724,1852,3208,689,1487,1888,721,1798,2287,4659,1349,5972,5193,589,5002,7401,6883,4736,4756,333,544,441,3080
1407,867,2215,1594,455,3380,5002,3424,1269,4481,3020,3034,1960,3320,647,1470,2191,724,1695,1351,4448,1407,5239,4523,730,6166,7419,8306,4488,5227,286,532,546,2381,1031,764,2191,1667,336,3550,6686,3214,1019,4846,2753,2961,2009,3560,681,1514,1427,942,1592,1565,4539,1243,5102,4666,685,6458,7321,7657,4415,5307,274,513,378,2333
881,490,1495,1395,319,2578,3889,2621,1086,4690,2160,2595,1318,2835,649,1368,1313,621,1064,1424,4021,1140,4068,4336,642,3876,5848,5037,3805,4270,242,391,462,2687,838,432,1552,1601,293,2629,5235,2485,926,5054,2104,2990,1725,3469,600,1663,1218,625,1289,1757,3412,1104,4434,4435,394,4072,5176,5060,3682,3671,238,382,329,2501
897,865,2227,1518,461,2985,4146,4200,906,5649,2774,2856,1714,3689,576,1365,1722,669,1477,1173,3961,1350,5290,3353,1027,6121,8685,5612,3794,4254,267,459,339,2405,836,897,2086,1577,450,3346,5557,3837,947,5502,2298,2645,1937,3686,642,1735,1525,898,1469,1521,4250,1350,6207,3552,694,5363,8447,5025,3806,3704,364,354,344,2849
1146,897,2880,1925,475,3814,5096,4243,1165,6164,3425,2938,2299,3951,771,1581,2076,887,1828,1724,4340,1177,5122,4981,1386,8747,8909,6038,4667,5194,302,512,440,2664,1119,893,2632,1960,563,3715,6152,4153,876,6083,3017,3420,2437,4393,575,1780,1709,1159,2007,1875,4468,1482,5445,4298,826,8052,8816,6102,4359,4489,354,525,367,2857
1099,612,2509,1852,670,3723,5298,4315,1331,6476,2844,3614,1904,3524,836,1562,2205,667,1521,1513,5021,1446,5895,4518,847,7141,8518,5306,4364,4761,234,482,600,2918,1129,909,2616,1907,582,3514,6026,3522,1209,6467,2607,3879,1900,4064,830,1917,1617,812,1419,1575,4744,1821,6245,4175,625,6154,8586,5788,4734,4698,286,449,389,2609
1178,510,2254,1370,485,3262,4768,4188,1229,4623,3037,3579,1859,3612,728,1437,1721,697,1369,1387,4510,1259,5302,4260,990,4793,7271,5014,4159,4686,253,442,521,2787,840,694,2138,1623,541,4140,4529,4037,963,4964,2940,3701,2093,4170,785,1700,1431,851,1562,1527,4473,1237,5728,4272,636,4843,6442,5493,3679,4361,288,518,360,2600
1281,583,2255,1352,425,3084,6027,3491,1358,6358,2324,3360,1794,3783,685,1474,2147,679,1414,1139,4324,1349,5237,4589,695,5449,6938,5587,4224,3276,291,501,461,2518,1277,716,2486,1592,479,3636,6156,3235,1137,5434,2185,3737,1806,3846,759,1489,1473,776,1496,1477,4340,1393,5023,4375,647,5300,6604,5987,4376,4090,363,495,370,2558
1106,511,2076,1704,379,3552,5027,4034,1372,5330,3043,3798,1988,3883,741,1378,2163,769,1796,1567,4224,1460,5390,4490,775,6118,8298,5930,4461,4487,276,462,478,2902,1182,804,2198,1816,273,3487,6410,3096,1164,5344,2705,3507,2062,4502,763,1775,1614,874,1810,1647,4237,1471,4984,4864,719,6338,7633,5993,4345,3954,341,438,354,2744
924,654,2256,1657,375,2899,3596,3344,899,4707,2525,3033,1674,2626,565,1270,1606,664,1291,1554,4011,1202,4468,2708,996,5220,7461,4668,3668,3865,251,459,466,2236,727,623,2075,1868,355,3168,4452,2753,854,4692,2478,3264,1703,2961,664,1413,1250,766,1436,1708,4390,1194,4919,2802,680,5132,7402,4806,3506,3166,283,414,307,2285
1131,1011,2975,1530,499,3388,5009,3433,970,4992,2759,2790,1926,3578,775,1518,1758,669,1415,1448,4639,1378,4991,4413,917,6199,7788,6163,4330,4364,309,430,475,2868,1111,724,2464,1604,341,3178,5398,3059,946,5350,2822,3151,1882,4197,713,1748,1546,943,1587,1646,4340,1506,4914,4432,647,6753,8191,5595,4070,4027,291,380,413,2279
1233,660,2481,1403,436,3419,5512,3401,1124,4927,2891,2508,1956,3474,903,1385,1597,718,1385,977,4562,961,4961,4083,930,5850,6902,6387,3853,4382,288,458,422,2480,1003,777,3279,1375,472,3374,6075,3605,658,4925,2779,2977,1929,3921,811,1977,1729,919,1555,1230,3938,1059,5975,3366,848,6756,8813,4130,3813,2519,311,423,344,2176
1322,622,2357,1309,304,3349,4717,3513,887,4685,2931,3014,2177,3363,715,1573,1618,776,1579,1252,4166,1104,4593,3995,856,6072,7395,5575,4460,4728,195,410,479,2112,1249,671,2045,1521,302,3043,5979,2954,978,4450,2814,2925,2007,3915,693,1561,1416,892,1475,1383,4182,1099,4911,4104,630,6152,7012,5552,4232,4765,364,463,346,2269
1554,669,2148,1366,413,3038,5204,3477,1110,4989,2642,3190,1779,3655,627,1348,1639,620,1136,1417,3884,1224,4717,3835,932,5615,7718,5228,4191,4801,236,533,431,2745,1093,831,1761,1631,370,3051,6748,4113,864,4961,2751,3065,2060,4368,670,1442,1416,690,1246,1519,4063,1222,4723,4032,670,6114,6744,5762,3614,3664,248,425,306,2145
1186,604,1808,1388,390,2759,4488,3144,994,5338,2457,2642,1750,3212,578,1202,1597,614,1176,1104,4291,1248,5263,3343,540,4800,6785,5307,4365,3726,211,413,492,2184,880,707,1958,1416,421,2789,5514,3325,1058,5010,2645,3091,1671,3576,522,1476,1459,778,1524,1325,3872,1322,4962,4115,496,5150,6018,5400,3533,3437,251,448,312,2240
1080,528,2405,1554,437,2682,4357,3537,1101,5191,2903,3358,1742,3394,659,1363,1569,837,1470,1377,4727,1023,5183,3983,663,5337,6946,4768,3981,3749,237,449,382,2574,958,801,1728,1661,439,2823,4910,3389,889,5499,3013,3202,1877,3893,618,1454,1119,990,1600,1443,4000,1272,5089,3948,643,5847,6653,5452,3453,3638,337,472,280,2333
932,811,2318,1575,478,2892,4051,3391,1014,4963,2127,2973,1459,3310,616,1418,1663,722,1336,1535,4360,1147,4571,3811,949,5517,6430,5396,4485,4625,273,498,490,2301,1024,688,2293,1569,476,3120,5386,3475,855,4735,2189,3383,1514,3675,632,1611,1376,795,1544,1770,4100,1235,4694,3613,514,5048,6543,4634,3698,3581,267,452,358,2044
1308,765,2532,1988,512,3575,5747,3894,1135,6162,2746,3184,1880,3537,648,1416,1609,760,1364,1624,4736,1262,5578,4767,939,6472,8049,6560,4454,4946,303,521,474,2544,919,510,2036,2048,507,3384,6910,4037,1111,5989,2770,3645,2286,4078,634,1727,1568,849,1646,1825,4548,1130,5274,4517,594,6302,7296,6124,4057,4680,304,509,353,2499
978,459,1727,1290,366,2830,3766,2867,824,4228,2306,2148,1443,2666,651,1252,1452,648,1243,1005,3996,1163,4673,3643,587,4720,6620,5128,3311,4183,216,424,352,1959,647,790,1461,1389,313,2638,4785,3255,664,3660,2342,2557,1696,3117,593,1243,887,768,1045,1380,3759,1131,4668,3617,587,4530,6581,5279,3044,3082,216,385,240,1699
1044,795,2635,1728,465,3516,6049,3641,1271,5826,2791,3617,1763,3437,772,1553,2085,573,1308,1904,4815,1339,5204,5380,1007,6002,7055,7454,4104,4029,270,490,467,2586,1010,580,2516,1979,462,3389,6102,4099,928,6288,2929,3983,2154,3927,667,1853,1457,707,1480,2076,5188,1466,5134,4867,529,6095,7644,7731,3624,3977,253,561,319,2209
1110,593,2447,1596,594,3312,3916,3826,1255,5444,2857,3146,1787,3374,604,1606,1605,704,1283,1328,5460,1170,5143,5154,808,5911,7560,5847,4224,4292,302,616,523,2693,924,521,1913,1714,505,3390,5456,4483,1189,4918,2571,3279,1907,4442,688,1563,1434,1048,1687,1725,4082,1248,5294,4650,578,5984,7523,6269,4265,4124,286,526,403,2698
1451,723,3197,1512,401,4220,5344,3388,961,5267,3020,3018,1760,3470,921,1981,1967,729,1654,1291,5009,1272,5630,4905,1047,7255,10319,7134,4607,5756,234,396,543,3146,987,771,2682,1706,462,3791,7192,4165,1047,5376,3305,3099,2348,4231,826,1822,1912,897,2088,1456,4787,1371,6264,5401,696,6663,8973,6565,5171,5525,285,482,486,2820
1408,1225,2053,1557,576,3626,5819,4177,1231,5439,2967,3218,2734,4154,651,1571,2125,585,1457,1316,4839,2168,5757,4542,1054,5778,7470,6043,5286,5126,284,564,556,2506,965,1079,1575,1697,523,3903,5158,4603,1122,5544,3136,3745,2043,4265,649,2017,1256,717,1815,1630,5449,1485,4768,5031,1005,6630,8176,5424,4339,5552,358,604,396,2394
1107,491,2176,1546,460,3727,5369,3873,1055,4847,2549,2928,1785,3192,650,1512,1966,691,1630,1326,4515,997,5110,4392,878,6227,7932,5581,4081,5502,253,434,546,2415,1159,1028,2139,1528,389,2811,6125,3254,1035,4770,2592,3314,2135,3862,617,1733,1196,753,1199,1408,4189,1490,4960,4284,631,6567,7361,5509,4281,3587,323,505,361,2128
1285,509,2789,1132,387,3062,5005,3497,1288,4544,3300,2424,2089,3913,666,1369,1790,813,1534,989,5339,1485,5616,3978,866,5660,7913,5441,4715,5892,284,505,615,2682,1085,740,2681,1432,335,3028,7049,3929,1406,5190,2947,2890,1875,4036,653,1522,1440,853,1215,1362,4689,1358,5729,4156,632,5606,7600,5758,3719,3586,342,501,386,2512
1265,735,2246,1447,506,3772,5062,3160,1309,6209,2924,3246,1716,3483,798,1271,2191,692,1666,1340,4927,1361,5548,4339,923,5870,6996,6050,4692,4745,234,457,641,2788,880,666,1857,1698,789,3423,6233,3668,945,5894,2860,3768,2075,3870,637,2046,1467,999,1591,1630,4685,1490,5147,4312,521,6904,7213,6063,4256,4880,289,518,393,2702
1161,708,2964,1669,619,3260,4564,3992,1590,4894,2925,3405,1771,3519,678,1510,1295,708,1234,1465,4287,1484,4923,4591,917,6808,7617,6799,4589,5468,273,575,453,2874,990,764,2787,1762,469,3067,6952,3403,1097,5468,3215,3665,2265,4057,717,1718,1341,785,1586,1618,4742,1770,5281,4624,839,7493,7844,6264,4366,4428,292,426,370,2727
1144,382,2098,1382,412,3132,4740,3307,887,4729,2434,2553,1709,2967,611,1355,1446,714,1191,1128,3919,952,4622,3578,808,5288,7160,5366,3217,4175,215,473,279,2332,988,772,2006,1544,461,2479,4782,2884,668,4740,2390,3222,1833,3357,718,1452,1402,879,1732,1467,3768,1192,4261,3513,668,5318,6407,5306,3388,3620,280,463,316,2235
1036,495,1814,1144,376,2712,3646,3276,743,4112,2378,2156,1439,3516,617,1058,1344,665,1444,984,3383,975,3926,2724,538,4744,5696,3790,3841,3080,219,443,384,2063,986,438,1382,1010,328,2513,5160,3014,689,3813,2246,2217,1439,3105,550,1365,1065,850,1291,1138,3309,1020,3965,2705,387,4754,5542,4108,3152,3522,296,390,296,1891
916,542,2054,1266,497,2853,4792,2588,787,4537,2436,2575,1518,2539,481,1345,1606,542,1365,1000,3957,1029,4740,3827,601,4671,6782,5692,3379,3761,228,388,448,2204,920,754,2055,1221,343,2538,5202,2537,820,4191,1917,3079,1511,3338,489,1555,1734,591,1426,1152,3838,1115,4891,3745,748,3839,6082,5302,3579,3295,334,301,334,2229
1055,587,2249,2296,399,3115,4293,3590,1048,6426,2594,4304,2067,3248,665,1474,1826,711,1551,2030,4848,1457,5757,3937,667,6601,7904,5468,4268,3935,287,477,578,2530,1036,873,2289,2312,467,2889,5507,3401,975,5324,2372,4031,2233,3682,659,1666,1432,851,1586,2027,4429,1451,5712,4133,633,6418,7524,5817,3818,3047,296,404,366,2542
1112,656,2039,1420,571,3078,6166,3840,1046,5760,2783,2598,1691,3586,609,1489,1586,672,1412,1404,3974,1200,4625,4184,901,6378,7541,6111,3943,3552,311,488,441,2829,1121,639,2259,1616,546,2953,6606,3854,953,5261,2403,2985,1588,4121,515,1551,1437,921,1657,1575,4030,1118,5026,4391,778,5570,8169,6056,4193,3534,317,467,323,2411
982,629,2438,1878,260,3539,6344,4483,1184,6337,2867,2740,2039,4505,603,1400,1631,789,1364,1596,4249,1270,5023,4721,1061,6531,9015,6632,4727,4780,223,507,407,2319,1024,1043,2710,1684,294,3480,6638,4473,1094,6573,2851,3041,2031,4785,648,1403,1627,845,1436,1471,4663,1736,5599,4903,746,6357,7903,5737,4140,3844,305,496,380,2164
1365,562,2204,1297,471,3118,4590,3093,1080,3959,2720,2359,1882,3269,642,1451,1952,689,1336,1181,4563,1212,4764,4422,892,5418,7907,5748,4252,4220,266,501,440,2165,827,763,1914,1270,460,3135,5292,3498,841,4910,2806,2478,1945,3283,672,1811,1099,827,1322,1343,4621,1357,5060,4335,538,6177,7872,5448,3388,4099,288,493,288,2006
816,576,2046,1396,506,2562,3488,2529,853,3807,2388,2677,1535,2308,588,1521,1804,650,1283,1168,4203,1083,4480,4100,731,5737,7390,5196,3287,3732,246,387,398,2204,761,717,1885,1196,437,2885,4773,2875,811,4586,2150,2714,1698,2946,545,1667,1655,762,1751,1029,3949,1086,4480,3860,499,5291,6981,4720,3107,3878,308,447,337,2222
1076,747,2741,1638,551,3305,4304,3247,1060,4862,2414,3090,1699,2889,606,1409,1696,679,1551,1408,5624,1249,5479,4937,699,5868,7608,6482,4125,4310,247,569,458,2581,866,774,2361,2063,519,3417,5821,3815,977,5284,2411,3384,1933,3279,627,1801,1698,668,1693,1780,4778,1266,5146,4499,676,5731,7257,6293,3693,3764,276,530,351,2318
1177,548,1936,1477,395,2964,4448,2825,1117,5344,2660,3170,2002,3260,604,1411,1473,714,1275,1498,4439,1207,4994,3720,625,4545,7336,5506,3927,3774,211,446,391,2345,1104,627,1676,1546,301,2968,6050,3019,864,4717,2625,3116,1956,3419,606,1450,1217,781,1628,1557,3729,1073,4703,4073,622,5313,7085,5227,3770,3632,287,363,299,2215
1013,897,2715,1576,521,4439,6829,4197,1375,6068,3461,3074,2456,4025,745,1867,1964,817,1752,1203,4696,1380,5707,5963,1321,7550,9937,7233,5269,4680,323,520,513,3122,1086,1459,2063,2230,581,4482,6754,4487,1112,6210,3083,3743,2867,4519,767,1988,1499,961,1805,1897,4749,1755,5634,6401,1016,8156,9333,6640,4719,4523,416,547,440,2876
1076,614,2498,1704,449,3345,5470,3976,990,5675,2647,2480,1877,3407,762,1640,1718,685,1338,1269,4495,1098,5050,3462,815,6110,7986,5072,4108,3572,308,424,469,2515,785,772,2085,1604,417,3262,6102,3634,856,5938,2295,2848,1942,3898,637,1540,1492,765,1429,1427,3653,1339,4915,3764,567,6068,8292,5183,3719,3688,315,426,336,2278
915,569,2045,1620,412,2660,3643,3035,1063,4958,2164,3211,1583,3007,678,1230,1376,512,946,1596,4027,1110,4740,4138,496,4371,6461,5409,3611,3948,217,380,460,1910,775,618,2168,1439,506,2990,4119,3349,1006,5709,2154,3205,1572,3445,530,1439,1749,751,1712,1705,2763,1078,4212,2773,663,6663,8072,3552,3466,2466,284,451,344,2146
1333,578,1947,1332,462,3127,3579,3092,901,4628,2304,3132,1556,3082,619,1298,1426,629,1265,1340,3583,1195,4403,3021,632,4920,6209,4375,3626,3865,235,461,373,2156,1000,569,1530,1320,602,3148,5308,3240,914,4351,2212,2999,1912,3364,675,1298,1255,746,1522,1520,3337,957,3949,3440,449,5753,5846,4597,3382,3833,318,443,288,2044
1691,937,2439,1718,522,4112,5327,4202,1213,6240,3498,3832,2038,4119,784,1636,2218,913,1783,1575,5762,1561,5907,5088,1205,7898,10351,7434,5387,6761,314,596,661,3489,1038,940,2479,1851,601,4243,7449,4760,1033,7077,3589,3844,2667,4805,762,1658,1916,1161,1860,1891,5621,1444,5616,5379,748,8718,8908,6881,5037,5083,301,595,410,3275
1007,571,2319,1649,543,3127,4980,3491,1094,5132,2824,3505,1929,3103,615,1535,1680,620,1073,1483,4737,1213,5495,4441,977,4939,7407,5395,3763,4201,246,497,446,2127,857,735,2007,1551,473,3107,5964,3658,842,4828,2595,3303,1936,3611,616,1568,1428,717,1464,1441,4606,1345,5450,4315,667,5052,7374,5712,3689,4124,322,492,240,2083
974,514,2009,1365,392,2645,4159,2663,974,4346,1910,2549,1419,3034,559,1562,1461,510,1055,1079,4246,1048,5036,3524,605,4758,6635,4555,3600,3956,178,412,401,1879,839,598,1646,1394,383,2891,5960,2917,860,4551,2088,2398,1478,3511,549,1475,1309,715,1300,1155,3874,1155,5490,3371,627,4709,5558,5494,3434,3041,290,453,270,1795
1107,572,3011,1578,577,2707,4129,3681,1342,5261,2853,3171,1985,2915,663,1396,1410,709,1113,1437,4933,1305,5742,3723,937,5732,8703,5429,3800,5337,263,436,411,2271,856,769,2483,1881,460,3003,5869,3513,1079,5497,2803,3173,1879,3681,668,1418,1373,969,1933,1603,4678,1390,5386,4143,550,5727,8064,5777,3225,3302,280,515,334,2339
998,531,2386,1516,607,3507,6242,3946,1249,5364,2943,3742,1928,3692,744,1355,1991,726,1476,1505,3992,1285,4654,4183,923,5882,8442,6198,4305,4232,266,539,571,2626,1094,789,2253,1560,446,3553,6389,3422,1021,4478,2990,3221,1937,3965,763,1533,1405,871,1528,1577,4044,1303,4682,4534,700,6182,7097,5847,4285,4006,328,484,345,2406
1022,573,3041,1733,549,3311,4727,3476,1185,5832,2698,3361,2340,3424,620,1687,1561,607,1368,1856,4948,1447,5669,4217,813,5915,8459,6436,4421,5172,273,445,496,2679,1044,637,2374,1885,553,3310,5568,3298,1161,5179,2704,3640,2118,3713,642,1793,1336,735,1578,1931,5699,1212,6208,4689,587,5574,8191,5390,4793,4694,328,539,466,2850
1103,765,2237,1868,487,3833,4988,3090,1284,6035,2974,3485,2083,2883,713,1561,2162,873,1778,1889,4598,1619,5529,4753,1184,6366,9364,7019,4582,5157,328,493,597,2777,955,831,2315,2050,434,3475,6143,3248,1224,6185,3285,4046,2199,3882,709,1885,1552,934,1899,2249,4729,1592,5528,4779,853,5777,9360,6428,4390,4866,323,500,388,2560
1180,565,2855,2169,572,3501,4830,3898,1075,6451,2936,3650,1874,3566,710,1463,1747,634,1097,2055,4649,1144,5633,4323,892,6432,8047,5633,4377,5236,299,457,438,2280,1063,1016,2386,1677,519,3447,6175,4416,1346,5856,2966,3753,2089,4052,580,1511,1469,875,1701,1978,4264,1350,4960,4660,709,6514,7359,5370,3746,3972,348,537,327,2191
1195,460,2292,1320,407,2874,4837,2752,1088,5013,2553,2768,1929,3073,638,1313,1775,600,1252,1122,3954,1074,4591,3820,690,5903,7247,5158,5014,5184,225,397,498,2129,911,548,2436,1628,450,3106,5400,2871,954,5197,2641,3022,1946,3652,621,1365,1433,823,1720,1293,4048,1099,4799,4382,524,5946,6145,5539,4162,4275,307,393,405,2101
940,489,2070,1569,337,2960,4270,3505,1162,5347,2505,2716,1778,3033,620,1229,1602,695,1510,1203,3675,1280,4451,3648,832,5503,6931,4741,3548,2846,229,509,416,2342,974,642,2089,1476,231,2847,4762,2778,941,4993,2485,2810,1914,3379,581,1488,1492,867,1502,1262,4210,1153,4576,3525,518,5233,6333,4762,3670,3449,279,384,363,2365
1100,675,2725,1500,427,3370,5287,3767,1030,5778,2776,3118,2132,3649,835,1833,1547,740,1233,1567,4934,1386,5325,4222,971,5964,8960,5646,4394,4779,287,447,480,2565,969,850,2418,1726,404,3489,5585,3354,1246,5795,2804,3666,2215,4105,666,1545,1787,852,1569,1956,4524,1623,5241,4193,745,6452,8373,5445,4233,4133,362,511,366,2689
1296,618,2054,1925,383,3427,5788,3794,1276,5817,3112,3204,1969,3692,684,1871,1793,770,1821,1601,4111,1404,5337,4637,851,5521,8012,6334,4637,5179,217,452,506,3215,1218,663,2407,1976,373,3536,6495,3796,1054,5208,3153,3165,2129,4550,782,2083,1559,953,1798,1710,4445,1323,5480,5006,771,5130,7777,6755,4940,4794,257,449,462,2532
710,795,2265,1821,743,3246,3281,3153,1103,4638,2427,3308,1963,2427,709,1581,1507,701,1216,1666,4365,1410,4819,3827,982,4942,7300,6593,3979,4641,231,624,485,2292,888,735,1994,1790,425,2919,4389,3110,876,4872,2519,3799,1983,3621,678,1771,1259,959,1506,1875,4165,1137,4617,3480,599,5238,6840,5640,3698,3265,248,542,298,2162
1023,633,2708,1663,470,3723,4943,4664,1022,5356,3068,3274,1783,3389,858,1617,1742,818,1428,1520,4278,1434,5418,4472,920,7522,8768,5858,4068,5097,296,459,520,2725,1088,728,2323,1735,443,3828,5829,4007,997,5321,2813,3701,2075,4069,835,1495,1353,903,1420,1845,4111,1257,6209,5228,561,6264,9224,6127,3844,4281,328,548,384,2519
1023,976,2832,1890,486,3475,4288,4025,1101,5307,2961,3713,2054,3617,724,1380,1830,797,1530,1704,4911,1670,4708,4065,1017,5969,7429,5141,4096,4159,261,563,428,2339,1184,626,2227,1981,459,3518,5950,3766,1056,5145,2780,3846,2290,3756,692,1447,1403,855,1470,1865,4284,1334,5009,4067,589,6857,7111,5208,3808,3901,283,454,327,2387
1026,479,2592,1469,324,2715,4186,2670,1077,4982,2339,2976,1980,2966,603,1433,1634,622,1146,1198,4684,1274,5330,3544,855,6609,7316,5659,3791,4151,266,395,468,2150,876,702,1977,1568,396,2932,6360,2908,901,4915,2421,3149,1986,3231,637,1576,1450,788,1700,1606,4194,1218,4767,3802,623,6739,6963,5632,3759,3412,311,420,332,2479
1161,668,2215,1546,691,3471,5940,3741,1053,6276,3184,3702,1946,3750,995,1546,1770,706,1640,1784,4285,1183,5189,4370,946,6565,9632,7058,4171,5415,253,560,433,2827,1339,916,2109,2098,399,3314,6477,3525,1004,7518,3277,4219,2362,4328,905,1946,1377,1043,1515,2095,4912,1210,5052,4752,583,7111,8235,5489,4304,4072,333,505,338,2431
1104,588,2078,1361,544,3675,5188,3984,1141,4727,3055,3052,1770,3497,732,1377,1629,798,1559,1272,5153,1210,5486,4388,989,7564,8255,6171,3716,5098,275,485,406,2919,1038,876,1778,1782,447,3247,6572,3402,932,5676,2943,3454,2244,3580,627,1732,1438,1017,1709,1599,4442,1187,5315,4698,670,7516,8455,5623,3914,4225,286,496,383,2496
1045,585,2579,1729,412,2832,4784,2877,1052,5299,2944,2711,2071,3069,628,1418,1641,798,1382,1569,3506,1004,4685,4265,893,5759,7412,6216,3785,4054,228,425,394,2066,843,714,2438,1733,462,2707,5237,3194,964,4691,2599,3202,2162,3231,542,1504,1409,903,1608,1764,3601,1250,5254,4383,596,5526,7413,6310,3669,3384,277,438,332,2394
1174,700,2790,1909,522,4121,5783,4402,1386,7149,2698,3287,1904,3376,686,1815,1646,719,1291,1654,4638,1314,5286,5881,1083,6791,8811,7388,4312,4714,300,392,504,2593,1058,878,1991,2120,466,3675,6333,4784,1521,7079,2980,3717,1916,4650,728,1728,1200,922,1423,2017,4973,1562,5076,5734,547,7166,8075,6608,3402,4056,347,439,286,2417
1413,556,2366,1253,547,3246,5090,3600,1143,4494,2931,3051,2310,3428,787,1578,2155,717,1767,1226,4422,1115,5416,5001,847,5870,9015,5856,4775,6133,255,479,528,2646,929,838,2117,1484,259,3251,6449,3640,880,4987,2939,2999,2268,4493,689,1732,1069,964,1445,1345,4307,1346,5171,4845,616,6800,8414,5703,4307,4872,261,478,376,2828
885,881,2217,1839,426,3658,4337,3641,1334,5572,3068,3220,2033,3026,715,1371,1939,667,1709,1422,3791,1470,5389,4946,968,6037,7299,6103,4414,3955,280,464,598,2463,897,716,2243,1705,358,3794,4599,3278,1252,5423,2990,3433,2070,3809,628,1547,1492,832,1687,1503,3641,1342,5500,5442,648,6498,7593,6320,4225,4054,312,443,432,2424
967,543,2730,2157,379,3163,4175,3602,1205,4895,2632,3213,1643,3457,662,1298,1496,745,1412,1796,4606,1087,5153,4341,830,6933,7553,6957,4495,4671,273,418,450,2352,1042,623,2500,2519,383,3178,5474,3929,1023,5355,2571,3050,1974,3754,673,1711,1368,882,1666,2129,4283,1097,5141,4734,475,7071,7750,7267,3938,3501,283,442,390,2145
1187,558,2509,1322,359,3130,5228,3436,992,4379,2533,2723,1683,3266,738,1325,1406,548,979,1196,4159,1237,4767,3907,1087,6445,7587,5035,4019,4399,249,427,393,2312,1020,703,2656,1413,326,2874,6138,3456,1037,4643,2583,2940,1993,3645,562,1440,1332,731,1450,1418,4376,1191,4957,4146,797,5990,7030,5196,3475,3949,275,430,321,2022
1034,818,2157,1640,574,3196,5147,3214,1147,5853,2580,3545,1592,3060,614,1558,1813,606,1447,1687,4591,1450,6029,3722,830,4894,7358,5717,4067,3961,186,498,427,2479,1067,818,2609,1823,472,3448,5172,3271,1027,5486,2293,3507,1518,3211,612,1479,1417,727,1560,1587,4286,1306,5298,3659,619,5315,7223,5580,3967,3773,249,499,389,2619
1261,503,3393,1522,420,3385,5053,2999,1089,5175,2675,3505,1879,3838,705,969,2047,609,1465,1369,2795,1103,6094,3825,1016,5602,7952,4965,4584,3525,289,450,433,2172,1155,566,1884,1819,573,2898,6255,3672,990,5584,2436,3440,1910,3986,606,1611,1262,676,1300,1462,4135,1181,4715,4536,506,6258,6779,5401,3687,4359,305,412,357,2366
1121,609,2184,1638,547,4036,5310,4484,1510,6101,3228,3358,2039,3614,803,1626,1922,972,1806,1538,5070,1667,5478,5071,1050,6797,8983,6530,4635,5359,266,518,533,2862,1263,578,2752,2000,442,3946,5365,4387,1296,6814,2896,3248,1979,4225,792,1643,1625,1046,1588,1683,4747,1284,5724,5026,661,7578,7918,6385,4354,4792,325,492,380,2942
872,732,2277,1629,454,2995,4334,3028,844,5609,2747,3135,1802,2957,741,1579,1338,727,1181,1449,4323,1201,5340,3278,1062,5247,7787,4559,3703,3854,247,454,382,1778,803,1010,1629,1703,551,2972,4963,3270,977,5703,2727,3524,1848,3199,577,1519,1455,859,1365,1662,4453,1263,4836,3523,653,6374,7466,4456,3383,3428,276,461,375,1870
