2.903,3.094,3.05,2.206,3.656,3.109,2.999,2.92,2.639,2.648,2.951,2.33,2.363,3.117,3.143,2.855,3.006,3.414,2.963,1.975,2.475,2.851,2.931,2.867,2.95,2.815,3.193,2.712,3.15,3.027,3.078,3.869,2.945,3.464,3.141,2.563,3.007,2.287,3.318,3.06,3.049,3.171,2.743,2.723,2.679,2.466,2.751,3.111,3.029,2.816,3.236,2.844,3.212,2.055,2.274,2.59,2.873,2.846,2.808,2.83,3.26,2.56,3.202,2.996,2.767,3.848,2.519,3.385
3.081,3.566,3.104,2.123,3.405,2.914,2.769,3.355,2.694,2.468,3.359,2.289,2.792,3.161,2.974,2.432,3.164,3.19,2.995,1.919,2.402,2.822,2.858,2.606,3.509,3.01,3.096,2.351,3.332,3.227,3.268,3.554,2.752,3.662,3.059,2.842,3.036,2.153,3.439,2.921,2.823,3.405,2.985,2.586,3.247,2.274,3.114,3.185,3.448,2.629,3.239,3.209,2.981,1.77,2.265,2.881,2.737,2.708,3.35,2.894,3.195,2.415,3.353,3.06,3.284,3.763,2.543,3.538
3.04,2.771,3.026,1.921,3.303,3.09,2.792,3.143,2.437,2.401,2.966,2.21,2.615,3.21,3.11,2.959,2.986,3,3.084,1.956,2.455,3.022,2.891,2.642,2.9,2.67,3.119,2.437,3.076,2.943,2.736,4.067,2.508,3.144,2.988,2.681,2.799,1.95,2.999,3.034,2.89,3.06,2.4,2.532,2.791,2.203,2.493,3.275,2.792,2.824,3.082,2.924,2.884,1.932,2.254,2.563,2.954,2.535,3.099,2.558,3.204,2.324,2.927,2.836,2.631,4.085,2.68,3.451
2.49,2.534,2.618,2.091,3.354,2.767,2.476,2.725,2.437,2.204,2.577,2.261,2.571,2.817,2.324,2.602,2.666,2.688,2.447,1.817,2.263,2.493,2.645,2.486,2.989,2.322,2.738,2.257,2.955,2.517,2.225,3.694,2.361,3.057,2.554,2.518,2.426,1.962,3.332,2.866,2.446,2.815,2.449,2.257,2.709,2.151,2.419,2.784,2.342,2.442,2.566,2.683,2.586,1.755,2.009,2.491,2.46,2.466,2.497,2.091,2.639,2.197,2.932,2.524,1.964,3.684,2.498,3.03
2.736,2.973,2.555,1.909,3.198,2.82,2.62,2.782,2.43,2.303,2.568,2.084,2.408,2.738,3.152,2.614,2.685,2.418,2.564,1.493,2.311,2.538,2.673,2.566,2.916,2.227,2.657,2.454,2.861,2.644,2.567,3.637,2.752,3.207,2.776,2.683,2.471,2.03,3.655,2.798,2.643,2.933,2.481,2.296,2.562,2.108,2.444,2.926,2.85,2.795,2.669,2.772,2.585,1.672,2.287,2.677,2.594,2.632,2.871,2.313,2.631,2.41,2.957,2.699,2.903,3.643,2.467,3.054
3.36,2.731,3.254,2.29,2.772,3.243,3.208,3.317,2.453,2.79,3.363,2.621,2.696,3.274,3.442,2.992,3.289,3.304,2.986,2.179,2.594,2.722,3.101,2.963,3.472,2.928,3.349,2.753,3.339,3.298,3.821,3.089,3.094,3.366,3.169,2.51,3.208,2.314,3.477,3.425,3.231,3.405,2.692,2.867,3.06,2.546,3.023,3.585,3.086,2.986,3.272,3.591,3.184,1.812,2.356,2.779,3.133,2.839,3.258,2.894,3.383,2.553,3.349,3.161,3.425,3.61,3.05,3.616
2.578,3.182,2.833,2.064,3.377,2.93,2.749,2.782,2.886,2.452,2.926,2.303,2.503,3.04,2.729,2.692,2.869,3.011,2.727,1.778,2.346,2.581,2.92,2.703,3.069,2.712,3.02,2.56,3.005,2.798,2.925,3.553,2.634,3.187,2.902,3.154,2.891,2.146,3.346,2.758,2.859,2.895,3.189,2.561,2.727,2.365,2.508,3.005,2.779,2.774,3.045,2.776,2.629,1.64,2.27,2.868,2.754,2.757,3.069,2.509,3.063,2.459,3.125,2.841,2.839,3.176,2.773,3.234
3.13,2.962,2.852,2.339,4.26,3.261,2.794,3.109,2.307,2.543,3.003,2.483,2.852,3.38,3.276,3.126,3.115,3.306,2.697,1.989,2.477,2.763,2.941,2.689,3.27,2.782,3.369,2.569,3.193,2.922,2.86,3.736,2.943,3.687,3.236,2.983,3.042,2.172,4.03,3.251,2.943,3.29,2.619,2.642,3.231,2.6,2.927,3.438,3.061,2.88,3.18,3.265,3.053,1.892,2.49,2.943,2.995,2.854,2.931,2.823,3.298,2.522,3.35,3.003,2.723,4.219,3.371,3.537
3.19,2.935,3.19,2.487,3.733,3.076,2.997,3.084,2.543,2.6,3.201,2.573,2.903,3.364,2.948,3.015,3.257,3.32,3.105,2.402,2.637,2.74,3.169,2.957,2.979,2.961,3.39,2.639,3.165,3.05,2.62,3.843,2.819,3.502,3.711,3.117,3.252,2.175,3.634,3.164,3.075,3.209,2.511,2.781,3.055,2.546,2.747,3.527,3.377,3.161,3.043,2.965,3.073,2.215,2.45,2.918,2.996,2.955,3.03,2.654,3.303,2.624,3.335,3.084,2.678,3.968,3,3.335
2.84,3.314,2.753,2.195,3.302,3.057,2.763,2.9,2.598,2.476,3.059,2.331,2.964,3.141,3.061,3.009,2.972,3.088,2.767,2.071,2.367,3.086,2.863,2.934,3.499,2.581,3.134,2.508,3.315,2.923,2.594,3.866,2.976,3.434,2.957,2.669,2.787,2.269,3.303,3.181,2.839,3.017,2.751,2.451,3.184,2.517,2.792,3.105,3.246,2.972,2.977,3.038,2.852,1.903,2.413,2.903,2.769,2.875,3.315,2.511,2.948,2.584,3.359,3.001,2.645,3.835,2.585,3.514
2.813,2.971,2.999,2.011,3.886,2.98,2.738,3.065,2.37,2.558,2.901,2.267,2.721,3.169,2.708,2.921,3.14,3.01,2.891,1.942,2.59,2.748,2.911,2.75,3.029,2.653,3.168,2.622,3.301,3.012,2.632,4.077,2.572,3.418,2.958,2.615,2.872,2.247,3.095,3,2.918,3.202,2.429,2.535,2.893,2.234,2.691,3.315,2.807,2.877,2.95,3.008,2.7,1.936,2.581,2.731,3.024,2.843,3.024,2.552,2.991,2.562,3.285,2.944,2.923,3.771,2.858,3.387
3.005,2.394,2.73,2.05,3.352,2.928,2.712,3.02,2.416,2.466,2.775,2.176,2.555,3.187,3.781,2.671,2.83,2.996,2.69,1.67,2.309,2.908,2.821,2.706,3.057,2.577,2.934,2.483,3.076,2.871,3.015,3.631,2.978,3.342,2.956,2.726,2.801,2.14,3.771,2.952,2.848,2.99,2.434,2.445,2.957,2.198,2.693,3.18,3.096,2.83,2.878,3.062,2.802,1.754,2.345,2.675,2.867,2.728,3.001,2.428,2.815,2.511,3.232,2.919,2.599,4.232,2.881,3.472
3.218,2.704,2.832,2.1,3.461,3.124,2.762,3.001,2.759,2.572,2.981,2.354,2.922,2.968,2.701,2.519,2.92,2.998,2.83,1.73,2.248,2.82,2.845,2.541,3.185,2.659,2.882,2.312,2.899,2.879,2.542,3.588,2.636,3.387,3.047,2.621,2.826,1.896,3.469,2.962,2.765,2.942,2.632,2.618,2.94,2.226,2.904,3.036,3.091,2.636,2.834,3.021,2.653,1.832,2.247,2.853,2.894,2.527,3.063,2.631,2.984,2.331,2.777,2.735,2.513,3.6,2.357,3.349
2.902,3.074,3.002,2.181,3.548,3.141,2.761,3.075,2.537,2.591,3.198,2.307,2.909,3.205,2.793,2.67,2.96,3.004,3.044,2.044,2.18,2.904,2.93,2.573,3.332,2.943,3.152,2.321,3.029,2.889,3.148,4.189,2.523,3.49,3.012,2.715,2.954,1.974,3.785,3.051,2.729,3.029,2.54,2.599,3.129,2.292,2.831,3.359,2.648,2.634,3.233,3.133,2.964,1.967,2.227,2.867,2.899,2.631,3.07,2.866,3.26,2.129,3.098,2.926,3.209,4.08,2.507,3.403
2.812,2.868,2.564,2.042,3.171,2.795,2.577,2.801,2.559,2.197,2.879,2.026,2.47,2.891,2.504,2.727,2.658,2.856,2.656,1.696,2.182,2.708,2.556,2.676,2.923,2.304,2.77,2.269,2.956,2.67,2.339,3.532,2.556,3.246,2.772,2.305,2.413,2.111,3.376,2.981,2.678,3.114,2.569,2.313,2.838,2.384,2.567,3.075,2.949,2.529,2.988,2.819,2.515,1.638,2.266,2.45,2.645,2.599,2.865,2.273,2.687,2.308,2.982,2.719,2.358,3.889,2.693,3.335
2.508,2.587,2.585,1.997,3.229,2.708,2.486,2.535,2.275,2.364,3.248,2.282,3.327,2.867,3.267,2.475,2.781,2.825,2.682,1.827,2.141,2.368,2.505,2.492,3.443,2.706,2.904,2.209,2.889,2.554,2.4,2.536,2.451,3.266,2.888,2.671,2.623,1.914,3.39,2.749,2.67,2.906,2.272,2.404,3.215,2.272,3.068,2.942,2.767,2.481,2.886,3.095,2.734,1.815,2.059,2.427,2.568,2.582,2.828,2.714,2.809,2.259,2.826,2.623,3.451,3.156,2.602,3.146
2.803,2.808,2.579,2.2,3.702,2.833,2.516,2.916,2.455,2.375,2.651,2.393,2.572,2.964,3.15,2.416,2.644,2.402,2.56,1.743,2.135,2.764,2.595,2.61,3.066,2.418,2.84,2.402,3.05,2.64,2.181,3.572,2.608,3.02,2.736,2.528,2.589,2.361,3.323,2.877,2.728,2.868,2.389,2.478,2.73,2.189,2.51,3.162,2.832,2.629,2.748,2.828,2.512,1.649,2.282,2.547,2.648,2.745,3.068,2.197,2.631,2.44,3.11,2.737,2.39,3.697,2.776,3.27
2.605,2.888,2.719,2.097,3.472,2.933,2.594,2.816,2.706,2.397,2.862,2.242,2.512,2.922,2.981,2.832,2.708,2.91,2.741,1.774,2.247,2.906,2.767,2.735,3.135,2.392,2.902,2.315,3.095,2.639,2.64,3.654,2.712,3.382,2.684,2.633,2.597,2.055,3.593,2.96,2.573,3.018,2.636,2.584,2.952,2.304,2.697,3.229,3.169,2.696,2.893,3.001,2.815,1.766,2.261,2.587,2.601,2.728,2.904,2.46,2.85,2.245,3.161,2.739,3.369,3.829,2.56,3.416
3.141,3.134,3.043,2.436,4.126,3.038,2.891,3.315,2.592,2.781,3.165,2.55,2.928,3.378,3.534,3.126,2.996,3.143,3.168,2.184,2.712,2.894,3.073,2.926,3.251,2.858,3.475,2.578,3.188,2.835,3.203,3.725,2.521,3.159,3.145,2.852,3.041,2.628,4.118,3.334,2.896,3.375,2.67,2.9,3.18,2.749,3.013,3.393,3.534,3.12,3.218,3.351,3.307,2.211,2.551,2.868,3.092,2.914,2.921,2.848,3.373,2.503,3.235,2.938,3.715,4.274,2.995,3.212
2.906,3.005,2.874,2.234,3.36,2.944,2.853,2.921,2.926,2.326,2.875,2.208,2.667,3.211,3.16,2.885,3.003,3.092,2.987,1.979,2.381,2.987,2.89,2.724,3.301,2.72,3.102,2.493,3.175,2.899,2.875,3.172,2.436,3.368,3.049,3.242,2.854,2.274,3.087,3.034,2.864,3.118,2.844,2.589,2.899,2.39,2.782,3.103,3.208,2.757,3.015,3.137,2.89,1.944,2.232,2.985,2.836,2.756,3.074,2.656,3.094,2.556,3.174,3.063,3.008,3.59,2.654,3.318
2.985,2.945,2.689,2.149,3.158,2.893,2.808,2.938,2.556,2.352,2.737,2.182,2.569,3.032,3.123,2.725,2.909,2.909,2.511,1.844,2.246,2.791,2.561,2.794,3.3,2.503,2.887,2.504,2.938,2.855,2.625,3.68,2.655,3.233,2.963,2.65,2.65,2.245,3.709,2.957,2.788,2.854,2.544,2.422,2.806,2.347,2.64,3.065,3.066,2.583,2.954,2.93,2.498,1.779,2.285,2.8,2.531,2.806,2.764,2.357,2.871,2.581,2.998,2.803,2.839,3.76,2.763,2.967
3.093,3.113,2.794,2.489,3.185,3.111,2.797,2.746,2.763,2.456,2.82,2.452,3.067,3.073,3.39,3.087,2.955,1.921,2.663,2.211,2.464,2.847,2.709,3.015,3.665,2.695,3.099,2.617,3.133,2.853,2.392,2.855,3.087,3.636,3.157,2.87,2.862,2.178,3.101,3.155,2.848,2.932,2.876,2.427,2.873,2.575,2.811,3.09,3.333,2.884,3.102,2.199,2.688,2.028,2.489,2.965,2.736,2.915,3.676,2.701,3.217,2.498,3.371,2.738,2.14,3.546,3.279,3.639
2.371,2.894,2.842,2.185,3.578,2.914,2.636,2.708,2.494,2.388,2.968,2.187,2.724,2.839,3.27,2.443,2.829,2.879,2.543,1.741,2.116,2.663,2.66,2.601,3.22,2.572,3.21,2.262,2.955,2.671,2.794,3.596,2.866,3.299,2.989,3.041,2.687,2.085,3.34,3.023,2.521,2.903,2.515,2.512,2.939,2.358,2.747,3.16,2.981,2.476,2.83,2.878,2.582,1.808,2.069,2.643,2.533,2.625,3.101,2.445,2.863,2.262,3.041,2.644,2.415,3.662,2.506,3.086
2.587,2.998,2.707,2.167,3.468,2.864,2.695,2.851,3.192,2.303,2.843,2.276,2.645,2.934,2.926,2.7,2.927,2.554,2.581,1.737,2.327,2.952,2.756,2.732,3.139,2.434,2.963,2.458,2.946,2.831,2.521,3.375,2.751,3.182,2.436,2.51,2.66,2.169,3.911,2.93,2.755,3.132,3.158,2.45,2.764,2.22,2.627,2.951,2.866,2.66,2.594,2.917,2.529,1.859,2.233,2.675,2.679,2.707,2.983,2.425,2.887,2.533,2.769,2.916,2.343,4.059,2.666,3.225
2.604,2.49,2.731,1.925,3.44,2.813,2.649,2.923,2.277,2.31,3.148,2.114,2.65,3.2,2.8,2.516,2.812,2.998,2.771,1.834,2.258,2.555,2.737,2.563,2.927,2.548,2.867,2.332,3.002,2.669,2.815,3.48,2.745,3.31,2.787,2.435,2.761,2.188,3.951,2.971,2.632,2.918,2.282,2.415,2.899,2.162,2.512,3.104,3.027,2.428,2.77,3.024,2.625,1.772,2.281,2.534,2.666,2.567,2.964,2.48,2.834,2.295,3.14,2.795,2.317,4.174,2.595,3.278
2.872,2.785,2.83,2.105,3.275,2.736,2.777,2.917,3.352,2.323,2.845,2.108,2.756,3.128,2.405,2.758,2.928,3.073,2.894,1.726,2.486,2.664,2.801,2.608,3.48,2.625,2.985,2.497,3.07,2.875,2.76,3.546,2.828,3.118,2.83,2.295,2.694,2.009,3.288,2.933,2.732,3.02,2.99,2.38,2.787,2.113,2.511,3.027,2.57,2.771,2.964,2.994,2.839,1.796,2.431,2.439,2.762,2.626,3.039,2.466,2.854,2.489,3.018,2.908,2.577,3.59,2.619,3.353
2.86,2.815,3.099,2.347,3.495,2.979,2.825,3.052,2.474,2.577,2.892,2.485,2.811,3.189,2.771,2.983,2.994,2.924,2.908,2.23,2.316,2.952,2.888,2.786,3.49,2.633,3.097,2.374,3.025,2.94,3.109,3.679,2.529,3.587,2.97,2.826,2.921,2.271,3.48,3.054,2.858,3.106,2.653,2.677,3.03,2.292,2.94,3.201,2.662,2.813,2.977,3.157,2.813,2.05,2.203,2.995,2.8,2.868,2.956,2.606,3.186,2.384,2.885,2.811,3.056,3.644,2.597,3.646
2.851,3.056,3.213,2.309,3.244,2.991,2.881,3.107,2.751,2.604,3.015,2.316,2.785,3.269,3.172,2.944,3.054,2.826,2.811,2.064,2.392,2.544,2.999,2.712,3.355,2.799,3.308,2.549,3.085,2.869,2.84,3.796,2.614,3.32,3.212,2.713,3.042,2.219,3.117,3.054,2.946,3.063,2.684,2.683,2.902,2.161,2.727,3.217,3.111,3.015,3.065,3.051,3.062,2.167,2.495,2.753,2.984,2.73,3.234,2.754,3.229,2.564,3.271,2.855,2.738,3.477,3.013,3.218
2.849,3.257,2.737,2.236,3.46,2.879,2.727,2.799,2.638,2.432,2.864,2.396,2.625,3.124,3.246,2.763,2.931,2.862,2.457,1.96,2.4,2.789,2.771,2.792,3.144,2.604,3.092,2.53,3.296,2.833,3.482,3.535,3.082,3.156,2.863,2.619,2.682,2.138,3.308,3.046,2.776,2.961,2.543,2.515,2.741,2.394,2.614,3.266,2.895,2.747,3.027,2.634,2.588,1.785,2.372,2.672,2.696,2.724,3.023,2.446,2.932,2.32,3.293,2.89,2.834,3.723,2.849,3.397
2.864,2.745,2.631,2.432,3.056,2.933,2.735,2.718,2.787,2.434,2.808,2.348,3.096,2.72,3.561,2.556,2.854,2.754,2.97,2.068,2.209,2.429,2.658,2.813,3.497,2.426,2.796,2.411,3.041,2.673,2.56,3.132,2.642,3.254,2.831,2.719,2.606,2.488,2.842,2.908,2.842,2.865,2.609,2.498,2.507,2.536,2.933,2.987,2.864,2.595,2.587,2.432,2.632,2.03,2.242,2.4,2.497,2.704,3.397,2.261,2.653,2.432,3.117,2.746,2.897,3.493,2.746,3.308
2.932,2.617,2.642,2.079,3.515,2.891,2.519,2.825,2.59,2.292,2.703,2.287,2.496,3.004,2.964,2.551,2.929,2.383,2.608,1.793,2.195,2.646,2.765,2.703,3.028,2.407,2.713,2.384,2.896,2.661,2.707,3.659,2.665,3.108,2.713,2.488,2.643,2.149,3.559,2.791,2.674,2.854,2.547,2.319,2.608,2.395,2.403,3.021,3.265,2.549,2.668,2.635,2.518,1.988,2.233,2.573,2.661,2.662,3.107,2.29,2.666,2.479,3.036,2.748,2.255,3.533,2.58,3.214
2.651,2.772,2.736,1.823,3.206,2.831,2.64,3.066,2.406,2.197,2.694,2.024,2.599,3.023,2.793,2.686,2.66,2.453,2.561,1.547,2.234,2.563,2.637,2.496,3.125,2.374,2.91,2.384,2.95,2.903,2.882,3.846,2.669,2.984,2.721,3.127,2.717,1.95,3.575,2.863,2.641,3.086,2.356,2.301,2.631,2.118,2.507,2.975,2.716,2.583,2.682,2.621,2.612,1.717,2.236,2.781,2.714,2.475,2.937,2.316,2.854,2.371,3.061,2.72,3.056,3.65,2.725,3.057
3.312,2.871,2.893,2.344,3.613,3.292,3.08,3.118,2.764,2.461,3.175,2.605,3.036,3.489,3.356,2.6,3.397,3.218,3.21,2.009,2.305,2.751,2.784,2.829,3.208,2.927,3.178,2.461,3.182,3.084,2.778,3.961,3.086,3.469,3.223,2.792,2.956,2.327,4.124,3.209,3.103,3.279,2.69,2.661,3.281,2.537,3.171,3.543,3.211,2.671,3.118,3.122,3.051,1.969,2.148,2.594,2.774,2.819,3.34,2.893,3.238,2.432,3.279,3.096,3.233,4.122,3.336,3.596
2.748,2.919,2.816,2.217,3.439,2.949,3.079,2.947,2.74,2.404,2.9,2.574,3.005,3.243,3.131,2.92,2.919,3.224,2.776,1.862,2.423,2.972,2.802,2.72,3.253,2.717,3.113,2.666,2.922,3.07,3.473,3.574,2.679,3.372,3.077,3.294,2.953,2.176,3.713,3.014,2.957,3.096,2.718,2.608,2.918,2.35,3.063,3.38,3.05,3.017,3.197,3.044,2.983,1.894,2.405,2.933,2.906,2.788,3.547,2.762,3.104,2.559,3.141,2.956,3.278,3.13,2.674,3.318
2.49,3.077,2.658,1.935,3.237,2.715,2.664,2.814,2.45,2.272,3.041,2.13,2.54,2.829,2.738,2.541,2.616,2.789,2.689,1.736,2.13,2.918,2.497,2.636,2.876,2.515,2.815,2.281,2.776,2.683,2.643,3.092,2.566,3.02,2.835,3.154,2.543,2.169,2.99,2.853,2.725,2.77,2.81,2.278,2.74,2.251,2.894,3.087,2.608,2.7,2.775,2.99,2.735,1.679,2.057,2.814,2.573,2.737,3.178,2.304,2.798,2.339,2.85,2.722,2.896,3.575,2.282,3.107
3.073,2.762,2.878,2.174,3.14,2.869,2.733,2.89,2.53,2.376,2.947,2.376,2.667,3.009,3.275,2.748,2.768,2.961,2.754,1.723,2.321,2.632,2.829,2.726,3.092,2.603,3.081,2.252,3.122,2.829,2.729,3.483,2.565,3.179,3.013,2.641,2.832,2.166,3.432,2.89,2.648,2.878,2.5,2.501,3.085,2.291,2.649,3.146,3.057,2.885,2.897,3.152,2.736,1.807,2.298,2.718,2.756,2.722,2.782,2.572,3.016,2.316,3.136,2.83,2.424,3.534,3.009,3.267
2.782,3.02,2.84,1.989,3.725,3.12,2.833,2.966,2.747,2.544,3.193,2.431,2.824,3.213,2.92,2.813,3.097,3.366,3.203,1.753,2.226,2.864,2.73,2.961,3.137,2.959,3.096,2.55,3.337,2.797,3.104,4.022,2.751,3.351,2.88,3.243,2.765,2.116,3.77,3.102,2.912,3.218,2.966,2.65,3.169,2.477,3.148,3.254,2.779,2.838,2.915,3.407,3.117,1.907,2.364,2.923,2.939,2.827,3.24,2.783,3.017,2.568,3.394,3.008,3.018,3.81,3,3.646
2.932,2.734,3.076,2.23,3.819,3.268,3.005,3.395,2.764,2.64,3.058,2.299,2.881,3.481,3.079,2.994,3.139,3.015,2.929,1.88,2.406,2.92,2.989,2.864,3.174,2.816,3.175,2.797,3.227,3.111,2.814,4.016,2.846,3.448,3.283,2.652,3.163,2.122,3.161,3.199,2.952,3.003,2.857,2.626,3.098,2.32,2.838,3.371,3.039,2.961,2.997,3.055,3.033,1.791,2.41,3.026,3.019,2.871,2.964,2.797,3.143,2.746,3.23,3.051,3.17,3.45,2.675,3.607
3.137,2.884,2.856,2.783,3.565,2.948,2.956,2.892,2.775,2.629,3.027,2.7,2.842,3.176,2.853,2.987,3.07,3.232,2.977,2.426,2.434,2.809,2.935,2.888,3.261,2.747,3.155,2.576,3.125,3.022,2.47,3.448,2.926,3.408,3.195,2.567,3.005,2.538,3.389,3.262,3.061,3.181,2.827,2.764,3.144,2.888,2.938,3.301,3.025,2.879,3.004,3.07,3.068,2.172,2.333,2.862,2.863,3.073,3.168,2.661,3.25,2.621,3.287,2.998,2.966,3.911,2.502,3.737
3.065,3.153,2.936,2.371,3.561,3.403,2.973,3.286,2.522,2.665,3.429,2.619,3.288,3.454,3.182,2.715,3.233,3.483,3.196,2.102,2.435,3.071,2.942,2.829,3.376,2.883,3.167,2.591,3.363,3.234,2.825,3.181,2.581,3.517,3.584,2.748,2.946,2.188,3.347,3.252,3.127,3.172,2.64,2.587,3.215,2.59,3.001,3.55,3.287,2.852,3.25,3.473,3.116,1.898,2.58,3.069,2.874,2.776,2.96,2.698,3.09,2.467,3.403,3.167,2.759,3.909,2.92,3.653
2.979,3.132,2.837,2.41,3.551,2.971,3.035,2.904,2.658,2.723,3.299,2.374,2.914,3.001,3.327,2.911,3.091,2.902,2.891,1.865,2.394,2.755,2.955,2.98,3.437,2.515,3.115,2.746,3.105,3.11,2.181,3.759,2.559,3.239,3.352,2.642,2.803,2.396,3.648,3.163,3.013,3.442,2.648,2.756,3.012,2.506,2.785,3.48,3.563,2.714,3.019,3.098,2.752,1.988,2.416,2.801,2.824,2.977,2.915,2.224,2.893,2.689,3.229,3.112,1.895,4.021,2.565,3.532
2.703,3.017,2.979,2.417,3.582,3.181,2.749,3.219,2.685,2.502,3.266,2.428,2.598,3.223,2.699,2.858,3.105,3.019,2.843,2.18,2.331,2.907,3.083,2.615,3.317,2.703,3.199,2.408,2.934,2.737,3.288,3.509,3.002,3.459,2.908,3.005,3.062,2.259,3.089,3.257,2.778,3.16,2.755,2.553,3.098,2.416,2.741,3.226,3.032,2.61,3.125,3.126,3.092,2.02,2.168,2.707,3.08,2.628,3.094,2.749,3.251,2.309,2.916,2.747,3.113,3.911,2.897,3.392
2.671,2.266,2.613,2.055,2.778,2.852,2.68,2.714,2.472,2.385,2.769,2.18,2.414,2.838,3.151,2.571,2.718,2.806,2.387,1.703,2.115,2.449,2.62,2.581,2.556,2.205,2.816,2.241,3.014,2.625,2.291,3.419,2.678,3.254,2.654,2.415,2.469,1.989,3.249,2.866,2.479,2.923,2.522,2.358,2.652,2.263,2.259,2.946,2.623,2.517,2.472,2.669,2.478,1.787,2.092,2.564,2.502,2.589,2.588,2.079,2.644,2.201,3.06,2.832,2.199,3.901,2.451,3.081
2.954,3.138,2.81,2.113,3.763,2.889,2.852,2.766,2.416,2.41,2.936,2.221,2.7,2.918,3.105,2.838,2.986,2.977,2.699,1.839,2.332,2.923,2.744,2.83,3.174,2.784,3.018,2.74,3.131,3.04,2.72,3.728,2.609,3.275,2.83,2.625,2.851,2.176,3.664,2.88,2.868,2.93,2.483,2.507,2.841,2.279,2.727,3.172,2.922,2.791,3.007,2.343,2.816,1.877,2.37,2.628,2.649,2.693,3.211,2.549,2.912,2.539,3.178,2.902,2.769,3.877,2.695,3.016
2.967,3.038,3.116,2.351,3.262,3.216,3.07,3.119,2.636,2.735,3.548,2.692,2.998,3.408,3.163,2.852,3.216,3.46,3.186,2.181,2.692,2.698,2.903,2.961,3.353,3.258,3.337,2.681,3.379,3.16,3.814,4.007,3.472,3.704,3.557,2.792,3.217,2.621,3.67,3.405,3.187,3.155,2.604,2.806,3.573,2.837,3.126,3.634,3.215,3.028,3.146,3.503,3.415,2.609,2.648,2.856,2.994,2.937,3.296,3.199,3.426,2.66,3.484,3.211,3.44,4.47,3.52,3.734
3.043,2.563,2.767,2.357,3.686,3.216,3.097,3.267,2.457,2.665,3.175,2.458,2.842,3.237,3.418,2.99,3.013,3.146,2.983,2.146,2.707,2.678,2.926,2.946,3.043,2.629,3.029,2.734,3.128,3.053,2.81,3.715,2.716,3.304,3.149,2.981,2.721,2.393,3.479,2.978,3.013,3.092,2.411,2.615,2.941,2.436,2.916,3.307,3.242,2.852,2.864,2.723,2.76,2.157,2.543,2.746,2.901,2.713,2.94,2.447,2.979,2.559,2.991,2.98,2.387,4.08,2.742,3.535
2.565,3.206,2.59,2.306,3.331,2.865,2.626,2.877,2.667,2.389,2.822,2.334,2.716,3.114,3.026,2.461,2.629,2.781,2.63,1.818,2.186,2.812,2.415,2.829,3.36,2.364,2.919,2.455,2.902,2.689,2.925,3.598,2.728,3.089,3.029,2.831,2.562,2.108,3.472,2.987,2.746,2.949,2.939,2.527,2.903,2.582,2.458,2.924,2.822,2.598,2.841,2.957,2.537,1.843,2.207,2.84,2.42,2.77,3.14,2.325,2.752,2.478,2.865,2.769,2.85,4.017,2.788,3.165
3.212,2.97,2.924,2.555,3.487,3.202,3.211,3.191,2.556,2.85,3.047,2.733,3.028,3.529,3.391,3.201,3.19,2.673,3.02,2.429,2.663,2.91,3.044,2.924,3.473,2.459,2.979,2.884,3.377,3.267,2.349,3.734,2.989,3.542,3.304,3.259,3.002,2.702,3.501,3.28,3.137,3.376,2.639,2.882,3.079,2.624,2.912,3.578,3.267,3.205,3,3.061,3.118,2.178,2.576,3.017,3.044,3.086,3.124,2.379,3.087,2.806,3.398,3.101,2.475,3.975,3.08,3.64
2.871,2.735,2.744,2.249,3.539,2.808,2.728,2.929,2.557,2.422,2.914,2.288,2.68,3.022,3.004,2.535,2.861,2.939,2.821,1.917,2.452,2.556,2.703,2.715,3.144,2.602,2.832,2.489,3.102,2.861,2.773,4.157,2.728,3.257,2.812,2.824,2.707,2.35,3.839,2.914,2.831,2.905,2.519,2.423,2.855,2.469,2.699,3.154,3.146,2.657,2.673,2.907,2.703,1.873,2.446,2.691,2.613,2.722,3.219,2.38,2.827,2.471,3.174,2.856,2.287,3.48,2.764,3.199
2.616,2.634,2.819,1.874,3.516,2.896,2.731,2.867,2.548,2.351,2.735,2.358,2.507,2.98,2.434,2.564,2.827,2.841,2.808,1.719,2.224,2.64,2.73,2.592,3.047,2.486,2.921,2.352,3.043,2.86,2.841,3.269,2.883,3.144,2.989,2.593,2.587,2.138,3.936,2.886,2.741,3.029,2.751,2.523,2.88,2.27,2.631,3.159,2.515,2.696,2.723,3.112,2.666,1.83,2.214,2.525,2.672,2.582,2.961,2.414,2.786,2.384,3.064,2.798,3.033,3.657,2.731,3.037
2.811,2.92,2.735,1.835,3.45,2.987,2.526,3.028,2.616,2.192,2.979,2.163,2.533,2.8,2.794,2.587,2.879,2.646,2.698,1.626,2.339,2.719,2.741,2.544,2.518,2.583,2.862,2.188,3.157,2.838,3.034,3.759,2.426,3.24,2.764,2.477,2.67,1.967,3.329,2.832,2.51,2.861,2.574,2.348,2.713,2.099,2.594,3.02,2.691,2.712,2.819,2.637,2.411,1.528,2.243,2.749,2.633,2.561,2.737,2.327,2.743,2.272,3.102,2.702,2.816,3.531,2.28,3.14
2.977,3.096,2.929,1.974,3.473,3.109,2.822,3.174,2.911,2.595,2.934,2.338,2.962,3.225,3.371,2.78,3.053,3.156,2.981,1.974,2.201,3.005,2.879,2.683,3.407,2.881,3.223,2.468,3.166,2.829,3.034,4.245,2.513,3.355,3.138,3.071,2.969,1.825,3.514,3.061,2.804,2.999,3.115,2.718,2.992,2.245,3.019,3.36,3.068,2.753,3.034,2.994,2.961,1.745,2.182,2.955,2.932,2.535,3.197,2.675,3.1,2.241,3.261,2.89,3.042,4.183,2.659,3.56
2.613,3.166,2.914,2.195,3.045,2.761,2.745,2.684,2.695,2.304,3.044,2.09,2.671,2.858,2.505,2.787,3.014,3.132,2.737,1.694,2.334,2.908,2.914,2.757,3.157,2.668,3,2.389,3.005,2.862,2.576,3.891,2.685,3.162,3.143,2.813,2.645,2.114,3.29,2.975,2.877,2.81,2.522,2.259,2.89,2.188,2.617,3.076,2.63,2.689,2.941,2.657,2.479,1.796,2.285,2.528,2.761,2.781,3.171,2.313,2.823,2.439,2.967,2.838,2.196,3.745,2.852,3.334
2.771,2.856,2.65,2.024,3.047,2.782,2.72,2.785,2.478,2.335,2.991,2.12,2.621,2.876,3.231,2.717,2.795,2.93,2.521,1.767,2.292,2.69,2.577,2.638,3.036,2.631,2.925,2.418,3.11,2.736,2.912,3.381,2.851,3.281,3.095,2.534,2.589,2.083,3.421,2.972,2.562,2.75,2.45,2.347,2.913,2.194,2.664,2.959,3.029,2.753,2.756,2.831,2.683,1.623,2.356,2.778,2.589,2.698,3.007,2.416,2.808,2.343,3.117,2.878,3,3.537,2.703,3.264
2.278,2.881,2.597,1.886,3.332,2.728,2.49,2.696,2.673,2.103,2.748,2.109,2.504,2.9,3.214,2.461,2.653,2.619,2.652,1.693,2.135,2.611,2.617,2.494,2.923,2.509,2.837,2.293,2.884,2.705,2.663,3.92,2.5,3.016,2.584,2.535,2.65,1.918,4.031,2.779,2.576,2.869,2.563,2.228,2.776,2.113,2.507,2.956,3.165,2.521,2.769,2.742,2.589,1.798,2.098,2.53,2.622,2.449,2.89,2.34,2.727,2.236,2.874,2.688,2.222,3.861,2.639,3.242
2.965,2.682,2.901,2.312,2.934,3.03,2.773,3.065,2.359,2.441,3.423,2.318,3.257,3.201,2.839,2.615,3.038,3.027,2.728,2.1,2.31,2.712,2.647,2.71,3.025,3.13,3.201,2.41,3.016,2.799,4.564,3.471,2.539,3.383,2.903,2.786,2.894,1.995,3.131,2.987,2.79,3.134,2.388,2.496,3.031,2.389,3.362,3.248,3.227,2.466,2.95,3.146,2.764,1.844,2.329,2.497,2.756,2.561,3.386,3.021,3.061,2.428,2.995,3,3.736,3.43,2.745,3.401
2.989,2.71,2.82,2.145,3.333,3.054,2.903,2.943,2.551,2.456,2.524,2.346,2.341,3.201,2.873,2.673,2.615,2.599,2.497,1.835,2.242,2.775,2.906,2.629,2.976,2.432,2.907,2.436,3.066,2.86,2.616,3.006,2.853,3.21,2.967,2.602,2.748,2.007,3.476,3.021,2.809,2.897,2.773,2.463,2.602,2.283,2.386,3.138,3.029,2.682,2.828,2.633,2.485,1.773,2.167,2.694,2.7,2.636,3.048,2.24,2.835,2.405,2.999,2.786,2.114,3.647,2.723,3.153
2.461,2.653,2.653,2.224,3.158,2.791,2.48,2.803,2.66,2.284,2.599,2.28,2.509,3.024,2.821,2.53,2.602,2.549,2.621,1.88,2.152,2.608,2.705,2.583,2.98,2.332,2.806,2.33,2.93,2.743,2.792,3.642,2.517,3.045,2.633,2.573,2.513,2.308,3.562,2.916,2.585,2.781,2.545,2.448,2.674,2.289,2.628,2.785,3.035,2.534,2.476,2.613,2.621,1.848,2.01,2.635,2.623,2.566,3.055,2.306,2.836,2.286,2.92,2.75,2.564,3.612,2.781,3.075
3.369,3.124,3.245,2.151,3.28,3.166,3.18,3.177,2.902,2.565,3.18,2.412,2.813,3.422,3.003,2.721,3.354,3.563,3.167,1.899,2.379,2.966,3.125,2.907,3.275,3.056,3.36,2.717,3.298,3.148,3.32,3.754,2.583,3.395,3.31,3.128,3.182,2.249,3.72,3.246,3.049,3.203,2.773,2.812,3.14,2.405,3.121,3.425,3.122,2.623,3.494,3.28,3.117,1.945,2.166,2.914,3.046,2.762,3.315,2.929,3.392,2.625,3.328,3.115,3.24,3.384,2.643,3.649
2.968,2.658,3.031,2.102,3.652,3.194,2.913,3.321,2.563,2.523,3.153,2.362,2.872,3.282,3.244,2.853,2.927,3.353,2.833,2.204,2.516,2.708,2.918,2.721,3.073,2.736,3.005,2.514,3.185,3.078,3.2,3.822,2.573,3.645,2.858,2.804,2.945,2.107,3.778,3.025,2.733,3.074,2.92,2.468,3.204,2.294,2.768,3.208,3.442,2.755,3.034,3.22,2.868,2.103,2.445,2.637,2.811,2.615,3.23,2.717,2.992,2.389,3.163,3.081,3.113,3.871,2.93,3.454
2.634,2.801,2.685,1.899,3.531,2.901,2.215,2.791,2.757,2.181,3.095,2.314,2.993,2.905,2.513,2.589,2.884,2.694,2.419,1.512,2.173,2.899,2.481,2.363,3.293,2.474,2.871,2.018,2.902,2.528,2.974,3.762,2.685,3.259,3.045,2.271,2.582,1.97,3.873,3.023,2.418,3.048,2.479,2.423,2.989,2.318,2.849,2.944,2.878,2.662,2.746,2.886,2.796,1.662,2.077,2.576,2.634,2.402,3.553,2.248,2.781,2.088,2.921,2.746,2.614,4.108,2.704,3.334
2.907,3.291,3.214,2.391,3.963,3.256,2.896,3.129,2.694,2.582,2.899,2.539,2.676,3.388,3.252,3.143,3.115,2.599,2.796,1.867,2.633,2.637,3.105,2.777,3.129,2.562,3.057,2.57,2.972,2.854,1.998,4.05,2.533,3.475,3.201,2.853,2.919,2.419,3.604,3.077,2.87,3.136,2.709,2.668,2.82,2.429,2.655,3.308,3.176,2.907,3.188,2.944,2.977,1.905,2.536,2.791,2.955,2.771,2.898,2.51,3.002,2.579,3.153,2.86,2.269,3.934,2.74,3.492
3.17,3.354,3.245,2.161,3.7,3.102,2.937,3.165,2.644,2.511,3.215,2.27,3.361,3.378,3.719,2.756,3.1,3.11,3.062,2.013,2.413,3.106,2.893,2.722,3.422,2.945,3.431,2.325,3.148,2.95,3.219,3.781,2.778,3.493,3.527,3.242,3.066,2.07,4.026,3.368,3.016,3.282,2.843,2.643,3.317,2.207,3.07,3.447,3.533,2.648,3.156,3.409,3.087,2.014,2.24,2.913,2.922,2.676,3.329,2.848,3.271,2.331,3.158,2.963,2.874,3.941,2.695,3.539
3.066,3.067,3.013,2.321,3.745,3.201,3.05,3.318,2.833,2.712,3.051,2.415,2.707,3.422,3.11,2.74,3.217,3.443,3.004,2.161,2.272,3.01,2.836,2.741,3.223,2.864,3.146,2.544,3.083,3.156,3.183,3.769,2.982,3.569,3.347,2.918,2.955,2.179,3.593,3.104,3.103,3.198,2.649,2.7,3.073,2.321,2.758,3.408,2.696,2.731,3.236,3.429,2.998,2.09,2.189,3.035,2.977,2.805,3.266,2.843,3.162,2.573,3.066,3.01,2.967,3.75,3.002,3.701
3.094,3.055,3.235,2.306,3.327,3.171,3.129,3.227,2.358,2.688,3.043,2.488,2.9,3.48,3.278,3.083,3.057,3.404,3.184,2.03,2.432,2.901,2.952,2.959,3.099,2.929,3.323,2.636,3.24,2.998,3.196,4.501,2.703,3.406,3.251,2.678,3.139,2.39,4.071,3.286,3.042,3.298,2.412,2.707,3.023,2.5,2.879,3.462,3.222,3.012,3.273,3.371,3.127,2.025,2.403,3.011,2.94,2.927,3.179,2.977,3.317,2.612,3.095,3.016,2.934,3.734,2.739,3.493
3.212,3.063,3.307,2.516,3.369,3.172,3.097,3.09,2.734,2.585,3.144,2.758,2.96,3.436,3.33,3.278,3.053,3.272,3.148,2.196,2.815,2.81,2.984,3.062,3.564,2.871,3.382,2.84,3.299,3.255,3.149,3.464,2.822,3.332,3.291,3.177,3.197,2.42,3.735,3.237,3.256,3.44,2.61,2.741,3.123,2.742,2.88,3.767,3.461,3.248,3.405,3.234,3.056,2.081,2.678,2.861,3.044,3.057,3.193,2.937,3.401,2.851,3.51,3.221,3.215,4.001,3.289,3.586
2.924,2.749,2.94,2.116,3.337,3.132,2.704,3.222,2.744,2.493,3.104,2.237,2.866,3.141,2.837,2.473,3.059,3.023,2.906,1.782,2.32,2.55,2.837,2.47,3.05,2.811,3.019,2.246,3.315,2.877,2.816,3.227,2.776,3.614,3.208,2.422,2.987,2.08,3.278,3.198,2.957,3.014,2.516,2.667,3.096,2.276,3.041,3.331,2.903,2.428,2.971,3.097,2.865,1.815,2.372,2.618,2.872,2.628,3.238,2.544,2.872,2.368,3.312,2.983,2.797,3.886,2.355,3.557
2.825,3.17,2.878,2.17,3.117,2.909,2.635,2.93,2.555,2.233,2.915,2.322,2.518,3.078,2.999,2.64,2.91,2.937,2.845,1.706,2.453,2.66,2.859,2.751,3.036,2.478,3.06,2.422,3.114,2.918,2.424,3.704,2.502,3.385,2.911,2.742,2.656,2.03,3.012,2.879,2.736,2.833,2.408,2.365,2.748,2.291,2.574,3.197,2.77,2.687,2.9,2.764,2.869,1.715,2.319,2.542,2.787,2.82,3.212,2.182,2.917,2.355,3.065,2.849,2.168,3.569,2.695,3.291
2.799,2.937,2.619,2,3.41,2.943,2.701,3.045,2.675,2.265,2.681,1.981,2.756,3.161,3.056,2.689,2.906,2.924,2.732,1.885,2.317,2.748,2.752,2.567,3.147,2.51,2.881,2.388,3.112,2.78,2.359,3.826,2.902,3.284,2.772,2.941,2.687,2.111,3.619,2.869,2.681,3.016,2.751,2.32,2.848,2.24,2.805,3.278,2.936,2.507,2.843,2.767,2.596,1.741,2.31,2.817,2.686,2.659,3.122,2.235,2.698,2.199,3.231,2.926,2.523,4.081,2.78,3.326
2.982,2.727,3.041,2.053,3.481,3.074,2.977,3.189,2.549,2.618,3.105,2.071,2.85,3.137,3.381,2.278,3.086,2.691,2.911,1.883,2.098,2.535,2.78,2.757,3.036,2.803,2.96,2.361,3.089,2.867,2.692,4.025,2.37,3.396,3.1,2.46,3.037,2.035,3.902,3.061,2.887,3.111,2.584,2.518,2.886,2.11,2.696,3.185,3.232,2.34,2.93,3.213,3.09,1.947,2.029,2.821,2.714,2.44,3.095,2.849,3.004,2.232,3.052,2.84,2.717,3.753,2.379,3.568
2.552,2.957,2.686,2.055,2.873,2.974,2.656,2.78,2.676,2.296,3.125,2.323,2.763,3.01,2.836,2.539,2.857,2.871,2.556,1.792,2.049,2.622,2.639,2.662,3.184,2.672,2.953,2.422,3.098,2.71,2.128,3.539,2.606,3.374,2.605,2.64,2.715,2.121,2.99,2.956,2.729,2.954,2.575,2.311,2.972,2.399,2.553,2.933,2.804,2.56,2.725,2.793,2.693,1.877,1.98,2.809,2.578,2.618,2.758,2.354,3.063,2.308,2.93,2.723,2.337,3.844,2.361,3.192
3.373,2.535,3.069,2.539,4.502,3.102,2.98,3.058,2.564,2.588,3.024,2.387,2.623,3.458,3.206,2.966,2.997,3.083,2.978,2.228,2.571,2.832,3.008,2.739,3.206,2.71,3.113,2.653,3.358,2.935,2.484,4.148,2.624,3.359,3.302,2.392,3.038,2.171,3.826,3.05,2.994,3.28,2.757,2.745,2.822,2.38,2.815,3.377,3.148,3.105,3.048,3.008,3.005,2.056,2.521,2.691,3.025,2.836,3.073,2.592,3.183,2.671,3.283,3.021,2.608,4.085,3.049,3.496
2.775,3.297,2.9,2.455,3.363,2.994,2.96,3.087,2.527,2.572,2.913,2.513,2.602,3.108,2.652,2.976,2.828,3.001,2.813,2.039,2.196,2.789,2.775,2.988,3.247,2.668,3.089,2.672,3.043,2.917,2.453,3.47,2.937,3.416,3.041,3.072,2.738,2.274,3.358,3.195,2.992,3.281,2.582,2.661,2.77,2.7,2.604,3.352,2.944,2.885,2.886,2.795,2.629,2.109,2.304,2.906,2.767,2.845,3.024,2.276,2.992,2.608,3.066,2.988,2.303,3.908,2.989,3.419
3.046,2.911,2.938,2.303,3.692,3.198,2.848,3.101,2.641,2.511,3.429,2.456,2.943,3.422,3.288,2.837,3.001,3.236,2.886,1.915,2.249,2.797,2.982,2.81,3.03,2.869,3.198,2.441,3.049,2.96,3.059,3.986,2.542,3.59,2.931,3.171,2.958,2.224,3.655,3.107,2.907,3.27,2.739,2.67,3.186,2.341,3.154,3.356,3.436,2.671,3.135,3.273,2.993,1.775,2.348,2.79,2.874,2.71,3.446,2.791,3.175,2.383,3.023,2.961,2.795,4.072,2.777,3.548
2.831,2.979,2.824,2.473,3.248,2.876,2.843,2.846,2.524,2.533,2.945,2.355,2.74,3.039,3.066,2.931,2.922,2.81,2.739,1.948,2.528,2.732,2.851,2.804,3.186,2.495,2.95,2.599,3.079,2.906,2.418,3.559,2.745,3.364,2.922,2.695,2.8,2.448,3.405,2.946,2.892,3.112,2.603,2.636,2.79,2.427,2.605,3.252,2.94,2.698,3.076,2.646,2.776,2.028,2.462,2.628,2.809,2.864,2.847,2.149,2.782,2.663,3.133,3.008,2.12,2.539,2.729,3.521
2.826,3.046,2.685,1.98,2.882,2.898,2.723,3.026,2.729,2.354,2.758,2.079,2.695,3.052,2.944,2.746,2.838,2.808,2.66,1.679,2.219,2.757,2.766,2.884,3.271,2.35,2.958,2.524,3.1,2.835,2.38,3.286,2.704,3.185,2.979,2.464,2.628,2.032,3.463,2.992,2.76,2.974,2.453,2.454,2.696,2.279,2.592,3.052,2.757,2.772,2.853,3.028,2.688,1.854,2.304,2.55,2.732,2.693,2.986,2.244,2.815,2.416,3.004,2.969,2.335,3.451,2.497,3.311
2.781,2.987,3.089,2.13,3.382,3.05,2.854,3.246,2.729,2.541,3.216,2.417,2.757,3.328,3.21,2.591,3.145,3.102,3.097,1.865,2.254,2.896,3.002,2.685,3.275,2.977,3.15,2.525,3.187,2.911,3.486,3.57,2.509,3.644,3.391,2.588,3.016,2.432,3.335,3.039,2.939,3.153,2.498,2.526,3.309,2.382,2.978,3.504,3.425,2.696,3.27,2.955,3.161,1.88,2.335,2.619,2.873,2.66,3.129,2.889,3.257,2.407,3.348,2.967,3.253,4.115,2.515,3.652
2.456,3.131,2.781,1.982,3.645,2.853,2.585,2.847,2.503,2.29,2.917,2.284,2.537,3.002,2.855,2.572,2.645,2.625,2.69,1.947,2.209,2.637,2.712,2.607,3.179,2.48,2.799,2.365,2.98,2.83,2.584,3.588,2.411,3.206,2.736,2.798,2.52,2.09,3.583,2.94,2.726,2.911,2.5,2.388,2.971,2.237,2.608,3.075,2.82,2.647,2.729,2.976,2.572,1.654,2.188,2.589,2.555,2.526,2.848,2.248,2.688,2.344,3.074,2.605,2.362,3.717,2.633,3.099
2.882,2.899,2.644,1.919,2.894,2.804,2.64,2.903,2.638,2.198,2.799,2.176,2.668,3.082,2.804,2.603,2.681,2.658,2.563,1.644,2.165,2.815,2.545,2.591,2.846,2.208,2.733,2.321,2.98,2.797,2.076,3.271,2.749,3.297,2.845,2.495,2.454,1.983,3.547,2.865,2.523,2.949,2.383,2.34,2.962,2.146,2.528,2.979,2.926,2.54,2.61,2.671,2.368,1.744,2.056,2.557,2.488,2.542,3.093,2.194,2.584,2.237,2.849,2.609,2.482,3.067,2.483,3.461
2.999,2.925,2.981,2.36,3.582,3.116,3.046,3.064,3.011,2.747,3.379,2.757,3.093,3.255,3.157,3.066,3.223,3.156,3.021,2.028,2.64,2.981,2.918,2.94,3.243,2.824,3.167,2.828,3.149,3.13,2.618,3.675,2.886,3.788,3.022,2.689,2.951,2.283,3.638,3.203,3.107,3.155,2.744,2.841,3.403,2.653,3.327,3.314,3.15,3.119,2.725,3.161,2.975,2.334,2.55,3.103,2.896,2.894,3.542,2.638,3.122,2.651,3.13,3.166,2.256,3.722,2.907,3.668
2.949,2.794,2.973,2.285,3.45,3.114,2.889,3.104,2.504,2.567,3.108,2.627,2.748,3.277,3.688,2.786,3.095,2.986,3.001,2.144,2.296,2.839,2.963,2.719,3.021,2.73,3.082,2.542,3.045,2.854,2.816,4.248,2.64,3.337,3.091,2.571,2.89,2.167,3.688,3.303,2.76,3.24,2.554,2.696,3.025,2.451,2.785,3.24,3.368,2.707,3.105,3.217,2.859,2.08,2.264,2.781,2.824,2.685,2.961,2.767,3.024,2.326,2.941,2.861,3.012,4.142,2.607,3.254
2.8,2.713,3.035,2.191,3.518,3.034,2.849,3.224,2.622,2.59,3.092,2.405,3.073,3.272,2.872,2.678,3.273,3.551,3.155,2.005,2.193,2.784,2.86,2.619,3.22,2.836,3.151,2.338,3.201,2.831,3.271,3.862,2.884,3.453,3.001,2.536,3.136,2.312,3.503,3.262,2.9,3.222,2.748,2.608,2.917,2.459,2.517,3.289,2.775,3.036,3.099,3.314,3.096,1.71,2.347,2.834,2.868,2.787,3.315,2.836,3.33,2.425,3.292,2.862,3.427,4.423,3.079,3.634
3.219,2.956,2.953,2.526,3.416,3.242,3.045,3.247,3.078,2.649,3.232,2.413,3.206,3.362,3.486,2.763,3.158,3.113,2.99,2.108,2.429,3.071,2.938,3.015,3.16,2.76,3.308,2.689,3.201,3.124,2.501,3.422,3.008,3.512,3.243,2.882,3.034,2.242,3.519,3.245,2.992,3.392,2.516,2.658,3.299,2.502,2.989,3.413,3.477,2.854,3.262,2.992,3.229,2.087,2.401,2.81,3.072,2.861,3.15,2.617,3.172,2.619,3.27,3.156,2.865,3.747,3.141,3.614
2.753,2.512,2.694,1.948,3.027,2.933,2.61,2.821,2.503,2.284,2.863,2.166,2.747,2.921,2.606,2.443,2.759,2.612,2.833,1.784,2.008,2.779,2.641,2.576,3.03,2.483,2.933,2.179,3.116,2.7,2.444,3.056,2.498,3.022,3.015,2.467,2.387,1.974,3.351,3.013,2.619,2.954,2.522,2.32,2.831,2.119,2.744,3.073,2.686,2.473,2.813,3.064,2.743,1.669,2.325,2.651,1.961,2.467,2.723,2.607,2.774,2.295,3.199,2.759,2.17,3.843,2.631,3.057
2.791,2.702,2.834,2.008,3.081,2.949,2.713,2.824,2.512,2.36,2.75,2.162,2.603,3.072,2.568,2.713,2.72,2.508,2.718,1.75,2.19,2.649,2.765,2.725,3.031,2.405,2.965,2.525,3.251,2.817,2.516,3.401,3.002,3.005,2.971,2.583,2.495,2.277,3.601,2.83,2.739,2.958,2.439,2.373,2.645,2.155,2.604,3.105,3.014,2.608,2.867,2.827,2.589,1.71,2.222,2.538,2.75,2.699,2.914,2.312,2.747,2.374,3.348,2.763,2.424,3.67,2.843,3.004
2.925,2.764,3.098,2.361,3.676,3.303,2.986,3.086,2.603,2.702,3.054,2.468,2.485,3.181,2.955,3.002,3.03,2.854,3.146,2.03,2.309,2.871,3.051,2.939,2.967,2.604,3.12,2.625,3.19,2.918,2.538,4.04,3.105,3.61,2.83,2.562,3.074,2.303,4.029,3.062,2.877,2.95,2.807,2.652,2.861,2.336,2.702,3.316,3.001,3.064,3.119,3.059,2.914,1.977,2.318,2.754,3.042,2.918,2.909,2.523,3.108,2.569,3.256,2.898,2.376,4.439,2.729,3.779
3.026,2.84,2.794,2.237,3.584,3.056,2.841,3.014,2.673,2.502,3.26,2.419,2.86,3.153,2.839,2.837,3.112,3.171,3.029,2.048,2.522,2.773,2.953,2.845,3.389,2.694,3.06,2.45,3.272,3.005,2.987,3.615,2.939,3.47,3.142,3.034,2.647,2.349,3.4,3.058,2.924,3.105,2.741,2.636,3.276,2.582,2.907,3.251,3.222,2.804,3.214,3.052,2.898,2.149,2.587,2.677,2.938,2.792,3.377,2.73,3.015,2.481,3.359,3.062,3.138,3.339,3.335,3.539
2.89,2.838,2.493,1.958,3.661,2.924,2.692,3.02,2.483,2.376,2.658,2.132,2.458,3.148,2.671,2.148,2.675,2.894,2.415,1.69,2.515,2.634,2.265,2.461,2.647,2.187,2.455,2.188,3.151,2.804,2.596,4.026,2.775,3.219,2.843,2.666,2.442,2.029,3.376,3.002,2.621,2.829,2.656,2.547,2.826,2.224,2.598,3.099,2.638,2.301,2.913,2.543,2.505,1.733,2.542,2.599,2.057,2.642,2.815,2.158,2.423,2.315,3.257,2.849,2.195,3.637,2.4,3.175
2.707,2.81,2.713,1.846,2.908,2.87,2.543,2.827,2.388,2.304,2.824,2.027,2.602,2.839,3.329,2.531,2.689,2.728,2.657,1.567,2.074,2.741,2.68,2.459,2.843,2.491,2.983,2.323,3.017,2.682,2.712,3.058,2.669,3.141,2.662,2.489,2.692,1.782,3.575,2.781,2.524,2.838,2.32,2.254,2.604,2.166,2.527,3.043,2.824,2.459,2.617,2.621,2.539,1.607,2.047,2.585,2.662,2.444,3.14,2.43,2.776,2.318,3.076,2.738,2.693,3.297,2.609,3.137
2.667,2.881,2.832,2.073,3.329,2.9,2.781,3.119,2.473,2.45,2.724,2.174,2.526,3.182,2.93,2.585,2.874,2.782,2.586,1.639,2.337,2.765,2.778,2.76,3.04,2.54,3.115,2.573,3.14,2.9,2.113,3.63,2.445,3.361,2.928,3.044,2.781,2.156,3.231,2.719,2.796,2.985,2.562,2.527,2.736,2.353,2.721,3.111,2.939,2.874,2.8,2.627,2.621,1.694,2.143,2.739,2.686,2.73,3.544,2.373,3.008,2.447,3.099,2.708,2.809,3.491,2.593,3.4
3.267,3.168,2.906,2.203,3.802,3.11,2.846,3.102,2.743,2.422,3.206,2.385,3.131,3.245,3.661,2.89,3.033,3.093,2.837,2.079,2.372,2.947,2.739,2.743,3.529,2.987,3.073,2.618,3.283,3.052,3.018,3.644,2.851,3.332,3.346,2.659,2.957,2.062,3.904,3.108,2.808,3.121,2.612,2.465,3.011,2.446,2.951,3.397,3.354,2.949,2.951,2.965,3.04,1.988,2.487,2.905,2.877,2.864,3.838,2.878,3.194,2.508,3.3,3.046,3.393,3.93,3.149,3.448
2.92,2.733,3.19,2.134,3.63,3.13,2.782,3.08,2.689,2.433,3.072,2.496,2.821,3.106,3.3,3.046,2.925,3.27,2.933,2.065,2.466,2.758,3.071,2.867,3.01,2.786,3.269,2.492,2.895,2.731,2.634,2.986,2.587,3.461,2.804,2.981,3.028,2.2,3.97,3.203,2.8,2.925,2.7,2.579,3.195,2.301,2.967,3.151,3.198,3.167,3.15,3.042,3.048,1.914,2.514,2.969,3.004,2.899,3.384,2.717,3.346,2.637,3.103,2.793,2.534,4.145,2.455,3.589
2.975,3.009,2.543,2.304,3.864,2.96,2.797,2.825,2.712,2.388,2.914,2.338,2.78,3.088,2.924,2.738,2.837,2.851,2.616,1.821,2.224,2.904,2.59,2.694,3.107,2.451,2.899,2.46,2.901,2.823,3.135,3.863,2.54,3.082,3.154,2.745,2.615,2.076,3.646,2.788,2.726,3,2.458,2.47,2.828,2.439,2.611,3.272,2.805,2.738,2.739,2.882,2.557,1.684,2.249,2.624,2.66,2.779,3.139,2.431,2.736,2.5,3.053,2.935,2.923,4.368,2.468,3.224
2.939,2.893,2.799,2.22,3.034,2.797,2.705,2.809,2.545,2.347,2.858,2.334,2.526,3.087,3.368,2.76,2.954,3.035,2.998,1.96,2.335,2.611,2.688,2.617,3.047,2.563,2.798,2.441,3.024,2.758,2.673,3.859,2.836,3.131,2.659,2.749,2.716,2.256,3.293,2.94,2.691,2.973,2.495,2.483,2.819,2.45,2.757,3.036,3.029,2.787,2.847,3.227,2.868,1.887,2.215,2.696,2.641,2.684,3.208,2.431,2.805,2.335,3.135,2.83,2.555,3.811,3.031,3.028
3.173,3.067,3.115,2.477,3.393,3.24,2.907,3.281,2.588,2.794,3.097,2.593,3.126,3.215,3.153,3.007,3.124,3.083,3.067,2.123,2.569,2.975,2.888,3.177,3.885,3.236,3.503,2.925,3.263,3.038,3.909,3.656,2.622,3.675,3.13,2.835,3.061,2.706,3.586,3.152,3.157,3.148,3.012,2.715,3.175,2.637,3.465,3.349,3.037,2.989,2.814,3.538,3.285,2.428,2.694,3.049,3.082,3.029,3.566,3.235,3.493,2.988,3.285,3.033,3.852,4.175,2.934,3.667
2.816,2.835,2.937,2.193,3.348,2.85,2.8,2.954,2.678,2.42,2.954,2.366,2.646,3.039,3.05,2.908,2.97,3.094,2.792,1.812,2.311,2.702,2.908,2.794,3.263,2.849,3.127,2.517,3.247,2.997,2.91,3.714,2.848,3.443,2.928,2.518,2.698,2.204,3.48,2.906,2.795,3.121,2.67,2.48,2.85,2.357,2.643,3.209,2.937,2.854,2.809,2.581,2.624,1.81,2.35,2.62,2.688,2.782,3.179,2.487,3.002,2.526,3.174,2.995,3.011,3.488,2.907,3.451
3.007,3.167,3.086,2.094,4.08,3.074,2.948,3.151,2.645,2.515,3.214,2.121,2.93,3.251,2.627,2.67,3.129,3.302,3.305,1.678,2.399,3.028,3.094,2.653,3.327,2.99,3.427,2.491,3.063,3.196,3.309,3.447,2.921,3.471,2.698,2.746,3.287,2.272,3.942,3.092,2.953,3.281,2.57,2.611,3.126,2.19,2.83,3.332,2.812,2.788,3.388,3.307,3.125,1.893,2.414,2.925,3.076,2.658,3.298,2.969,3.451,2.619,3.086,3.096,2.714,3.292,3.025,3.481
3.503,3.403,3.007,2.45,3.508,3.237,3.043,3.131,2.338,2.798,3.519,2.695,3.175,3.408,3.245,3.335,3.157,3.372,3.037,1.998,2.756,2.773,3.113,3.188,3.571,2.995,3.247,2.743,3.449,3.068,3.526,3.872,3.16,3.473,3.117,3.015,2.948,2.405,3.315,2.973,3.176,3.087,2.573,2.741,3.453,2.515,3.222,3.447,3.365,3.274,3.074,3.213,2.993,1.864,2.694,3.22,3.058,2.968,3.384,2.788,3.219,2.672,3.567,3.244,2.723,3.901,2.893,3.461
2.611,2.599,2.791,2.182,3.04,2.994,2.73,2.96,2.661,2.321,2.757,2.114,2.394,2.911,2.628,2.741,2.807,2.925,2.612,1.565,2.357,2.885,2.922,2.609,3.028,2.507,2.823,2.461,3.092,2.84,2.801,3.737,2.634,3.233,3.211,2.647,2.643,2.069,3.259,2.965,2.857,3.002,2.645,2.484,2.779,2.12,2.398,3.014,2.729,2.625,3.083,2.83,2.69,1.657,2.699,2.734,2.255,2.704,2.799,2.248,2.686,2.481,3.254,2.989,2.387,3.582,2.89,3.227
3.008,2.955,2.806,2.013,3.429,3.081,2.768,3.072,2.768,2.446,2.717,2.301,2.546,3.139,2.511,2.857,3.08,2.796,2.854,1.667,2.163,2.947,2.842,2.745,2.583,2.468,2.932,2.4,3.178,2.815,2.84,3.58,2.306,3.181,2.894,2.514,2.728,2.007,3.814,3.295,2.869,3.274,3.154,2.499,2.795,2.299,2.562,3.264,2.613,2.698,2.803,3.035,2.931,1.845,2.159,2.692,2.871,2.784,2.897,2.457,2.831,2.377,3.21,2.782,2.77,3.535,2.655,3.055
2.663,2.927,2.656,2.083,3.629,2.839,2.486,2.877,2.418,2.503,2.735,2.22,2.699,2.895,3.041,2.471,2.579,2.563,2.422,1.558,2.271,2.591,2.538,2.729,2.939,2.39,2.875,2.195,3.151,2.817,2.777,3.448,3.021,3.21,2.794,2.386,2.498,1.936,3.9,2.851,2.595,2.86,2.442,2.384,2.772,2.311,2.594,2.971,3.151,2.409,2.795,2.711,2.44,1.482,2.295,2.586,2.163,2.52,2.777,2.277,2.557,2.214,2.989,2.593,2.412,3.6,2.751,3.292
2.863,2.762,2.825,2.068,3.063,2.911,2.711,3.16,2.626,2.447,3.101,2.157,2.668,3.14,3.241,2.897,2.984,2.853,2.73,1.831,2.509,2.803,2.89,2.759,3.076,2.577,3.037,2.635,3.26,3.007,2.367,3.943,2.907,2.959,2.982,2.394,2.614,2.268,3.413,2.995,2.915,3.165,2.482,2.619,2.875,2.284,2.733,3.169,3.155,2.826,2.774,3.013,2.632,1.617,2.445,2.652,2.712,2.795,3.106,2.39,2.875,2.506,3.226,3.008,2.498,3.935,2.696,3.153
3.103,3.065,3.114,2.22,3.236,3.282,2.965,3.218,2.979,2.6,3.196,2.527,2.949,3.532,3.342,2.98,3.31,3.153,3.187,2.291,2.645,2.937,3.069,2.975,3.219,3.04,3.496,2.539,3.613,3.068,3.497,4.197,3.268,3.875,2.891,2.71,3.05,2.082,3.337,3.12,3.015,3.137,2.75,2.778,3.228,2.55,2.86,3.495,3.414,2.884,3.217,3.304,3.098,2.056,2.551,2.801,3.029,2.734,2.947,2.924,3.39,2.397,3.518,3.114,3.511,4.428,2.792,3.604
2.877,3,2.687,1.9,3.075,2.806,2.683,2.781,2.773,2.385,2.769,2.237,2.672,2.998,2.995,2.665,2.7,2.821,2.691,1.637,2.252,2.909,2.7,2.667,3.129,2.568,2.995,2.402,3.208,2.78,2.722,3.68,2.987,3.16,3.004,2.639,2.675,2.142,3.474,2.907,2.745,2.859,2.682,2.532,2.792,2.223,2.686,2.976,3.241,2.721,2.713,2.5,2.521,1.775,2.247,2.755,2.691,2.607,3.17,2.401,2.954,2.372,3.101,2.863,2.45,3.521,2.793,3.106
3.208,3.046,3.298,2.229,3.5,3.056,3.059,3.111,2.666,2.589,3.168,2.442,3.031,3.444,3.33,2.949,2.903,3.228,3.048,2.061,2.647,2.704,3.036,2.834,3.405,2.908,3.397,2.685,3.303,3.148,3.177,3.614,2.605,3.463,3.272,2.927,3.027,2.254,3.956,3.146,3.063,3.183,2.848,2.712,3.193,2.399,2.828,3.391,3.06,2.646,3.029,3.093,2.921,2.174,2.997,2.812,2.586,2.746,3.387,2.998,3.25,2.592,3.043,3.06,2.691,3.511,2.751,3.452
2.704,2.572,2.774,1.851,3.245,2.687,2.509,2.588,2.531,2.229,2.879,2.065,2.644,3.009,2.639,2.698,2.884,2.821,2.576,1.736,2.109,2.609,2.837,2.584,2.99,2.497,2.928,2.338,2.851,2.688,3.045,3.355,2.615,3.131,2.585,2.409,2.745,1.883,3.845,2.848,2.365,2.865,2.639,2.395,2.807,2.275,2.653,2.897,2.705,2.597,2.507,2.506,2.393,1.705,1.987,2.552,2.685,2.543,3.041,2.234,2.779,2.235,2.966,2.571,2.987,3.613,2.824,3.154
3.26,2.998,3.099,2.234,3.713,3.042,2.724,3.108,2.814,2.543,3.051,2.486,2.838,3.312,3.223,2.902,2.981,2.861,2.83,2.115,2.386,2.956,3.065,2.793,3.497,2.927,3.194,2.442,2.919,2.779,2.898,3.514,2.372,3.53,3.277,2.935,3.077,1.946,3.703,3.171,2.833,2.949,2.738,2.571,3.005,2.536,2.585,3.144,3.101,2.802,3.147,2.805,2.859,1.84,2.397,2.634,3.023,2.727,3.204,2.649,3.169,2.311,3.114,2.937,2.555,3.506,2.709,3.62
2.488,2.352,2.821,2.283,3.395,2.766,2.747,2.878,2.673,2.33,2.991,2.24,2.637,2.834,3.037,2.595,2.834,3.327,2.82,1.735,2.332,2.635,2.79,2.67,2.776,2.512,2.891,2.359,2.747,2.849,3.247,2.944,2.368,3.065,2.671,2.403,2.533,2.359,3.176,2.895,2.755,2.949,2.739,2.445,2.88,2.399,2.464,3.078,2.886,2.741,2.612,3.107,2.551,1.807,2.277,2.482,2.651,2.701,3.154,2.397,2.792,2.464,2.765,2.852,2.288,3.056,2.785,3.239
2.773,2.997,2.838,2.326,3.604,2.979,2.757,2.824,2.658,2.382,2.858,2.326,2.607,2.87,2.946,2.725,2.863,3.13,2.661,1.81,2.361,2.743,2.779,2.732,3.204,2.703,2.925,2.496,3.055,2.831,2.595,3.636,2.504,3.29,2.895,2.54,2.883,2.244,3.68,2.965,2.822,3.077,2.657,2.558,2.782,2.278,2.626,3.036,2.843,2.683,2.795,2.626,2.746,1.953,2.357,2.497,2.672,2.715,2.962,2.485,2.896,2.483,3.085,2.866,2.625,3.6,2.883,3.522
3.013,2.957,3.043,2.084,3.43,3.155,2.976,3.372,2.831,2.397,3.211,2.196,2.943,3.358,2.898,2.627,2.96,3.194,2.86,1.932,2.485,2.699,2.724,2.832,3.452,2.663,3.133,2.423,3.23,2.91,2.64,3.966,2.698,3.319,2.952,3.084,2.974,2.128,3.819,3.326,3.168,3.471,2.919,2.542,3.242,2.305,3.129,3.531,3.02,2.838,3.099,3.293,3.122,1.862,2.322,3.041,2.805,2.738,3.349,2.901,3.336,2.537,3.073,3.133,3.684,4.183,2.712,3.473
2.848,2.778,2.732,2.024,3.537,3.056,2.644,3.003,2.424,2.413,3.003,2.273,2.885,3.104,3.001,2.446,2.794,3.19,2.806,1.947,1.983,2.688,2.688,2.653,3.066,2.654,2.961,2.082,2.919,2.519,2.867,3.872,2.501,3.421,3.051,2.555,2.774,1.845,3.447,2.965,2.699,3.102,2.288,2.508,2.924,2.297,2.836,3.158,3.046,2.465,2.769,2.883,2.909,1.634,1.903,2.699,2.685,2.496,3.248,2.595,2.98,1.981,3.034,2.45,2.919,4.173,2.413,3.472
3.185,2.553,2.898,2.144,3.567,2.973,2.845,3.15,2.594,2.528,3.052,2.291,2.88,3.484,3.129,2.701,3.072,3.09,2.952,1.85,2.241,2.668,2.957,2.662,3.035,2.863,3.074,2.35,3.032,2.846,3.228,3.615,2.657,3.408,3.038,2.54,2.669,2.019,3.591,3.106,2.723,3.234,2.698,2.497,3.117,2.195,2.836,3.435,2.993,2.78,3.059,3.124,3.025,1.805,2.152,2.854,2.863,2.663,3.127,2.835,2.993,2.322,2.926,2.756,3.437,3.912,2.182,3.444
2.77,3.246,2.652,2.206,3.337,2.844,2.662,3.027,2.487,2.289,2.736,2.361,2.661,2.82,3.094,2.63,2.697,2.295,2.607,1.965,2.297,2.641,2.663,2.6,3.716,2.343,2.946,2.421,3.069,2.692,2.487,3.475,2.922,3.242,2.963,2.489,2.402,2.354,3.191,3.069,2.706,3.052,2.51,2.577,2.76,2.362,2.47,3.058,3.183,2.642,3.005,2.445,2.453,1.963,2.294,2.628,2.574,2.6,2.978,2.265,2.703,2.299,3.099,2.759,2.794,3.31,2.989,3.387
3.255,3.381,3.25,2.643,3.462,3.196,3.045,3.353,2.711,2.76,3.227,2.43,2.812,3.621,3.125,3.222,3.272,3.333,2.974,2.168,2.673,2.76,3.117,2.893,3.254,2.973,3.383,2.778,3.362,3.212,2.723,3.724,2.99,3.468,3.444,3.766,3.137,2.285,3.131,3.012,3.205,3.314,3.019,2.822,3.147,2.392,3.123,3.474,2.872,3.145,3.107,3.094,3.116,1.96,2.737,3.062,3.073,3.102,3.631,2.886,3.4,2.745,3.397,3.171,2.48,3.957,2.963,3.529
3.025,3.115,2.648,2.136,3.366,3.267,2.931,3.066,2.855,2.46,3.116,2.528,3.151,3.323,3.217,2.6,3.016,3.056,2.903,1.834,2.297,2.872,2.794,2.683,3.077,2.839,2.886,2.465,3.317,3.015,3.309,3.603,2.864,3.218,3.503,3.047,2.753,2.247,3.148,3.18,2.767,3.211,2.678,2.609,3.255,2.425,3.234,3.512,3.2,2.905,3.012,3.262,2.845,1.871,2.269,2.839,2.734,2.81,3.174,2.456,3.012,2.418,3.509,2.85,3.422,3.468,3.029,3.328
3.084,2.846,2.806,1.993,3.707,3.003,2.458,2.831,2.439,2.118,2.841,2.346,2.617,3.093,3.01,2.483,2.857,2.701,2.593,1.928,2.21,2.719,2.878,2.523,2.751,2.547,2.98,2.211,3.099,2.688,2.786,3.589,2.622,2.955,3.025,2.659,2.729,2.066,3.673,2.959,2.677,3.086,2.383,2.446,2.894,2.152,2.397,3.172,2.776,2.599,2.862,2.83,2.498,1.695,2.231,2.668,2.793,2.591,3.15,2.387,2.85,2.345,3.156,2.826,2.854,3.965,2.699,3.182
2.634,2.989,2.651,2.174,3.578,2.904,2.805,2.841,2.659,2.233,2.905,2.005,2.57,2.917,3.048,2.72,2.73,2.932,2.719,1.613,2.304,2.767,2.843,2.662,3.14,2.475,2.958,2.438,2.797,2.741,2.44,3.379,2.286,3.243,2.663,2.573,2.678,2.296,3.588,2.963,2.705,2.864,2.555,2.352,2.806,2.073,2.73,3.127,3.151,2.754,2.884,2.668,2.749,1.767,2.316,2.488,2.767,2.655,3.047,2.359,2.795,2.363,2.9,2.745,2.567,3.57,2.64,3.239
2.734,2.99,2.823,1.866,3.438,2.838,2.592,2.853,2.755,2.281,2.752,2.109,2.46,3.096,2.547,2.687,2.925,2.991,2.743,1.661,2.24,2.809,2.708,2.58,2.932,2.538,3.011,2.293,3.003,2.699,3.092,3.798,2.564,3.231,2.831,2.721,2.76,1.922,3.282,2.947,2.725,2.815,2.646,2.412,2.879,2.208,2.619,3.179,2.786,2.756,2.973,3.011,2.724,1.755,2.243,2.822,2.68,2.671,3.62,2.491,2.949,2.293,2.928,2.739,2.894,3.822,2.455,3.375
2.639,2.844,2.915,1.96,3.429,2.98,2.705,3.106,2.756,2.267,2.864,1.903,2.567,2.998,2.576,2.836,2.983,3.126,2.859,1.502,2.371,2.542,2.873,2.68,3.147,2.547,3.174,2.336,3.102,2.924,3.112,3.71,2.868,3.369,3.09,2.917,2.91,2.05,3.439,3.113,2.702,3.12,2.807,2.434,2.903,2.146,2.776,3.204,2.443,2.595,2.843,3.159,2.844,1.551,2.658,3.027,2.505,2.652,3.111,2.573,2.981,2.303,3.145,2.907,2.996,3.87,2.78,3.458
3.207,3.624,3.163,2.445,4.11,3.434,2.896,3.306,2.885,2.746,3.274,2.548,2.939,3.472,3.428,2.848,3.339,3.255,3.172,2.04,2.587,3.251,3.091,2.899,3.555,2.938,3.486,2.664,3.493,3.081,3.509,4.294,3.25,3.875,3.194,3.594,3.115,2.106,4.123,3.186,2.936,3.258,2.675,2.732,3.195,2.663,3.005,3.506,3.311,2.806,3.146,3.153,3.148,2.062,2.553,3.075,2.916,2.736,3.365,2.875,3.302,2.326,3.522,3.01,2.747,3.953,2.902,3.661
2.904,2.705,2.734,2.193,3.097,2.965,2.842,2.929,2.615,2.393,2.965,2.399,2.668,3.224,3,2.58,2.911,2.931,2.742,1.832,2.379,2.592,2.728,2.786,3.064,2.553,2.902,2.501,3.32,2.88,2.56,3.16,2.692,3.197,3.527,2.946,2.906,2.133,3.116,3.083,2.898,3.027,2.508,2.474,2.762,2.303,2.59,3.323,2.903,2.67,2.982,2.883,2.771,1.842,2.418,2.635,2.623,2.701,3.292,2.398,2.859,2.465,3.317,3.012,2.582,3.485,2.94,3.405
2.882,2.573,2.735,2.159,3.036,3.027,2.722,2.922,2.82,2.435,2.882,2.343,2.728,3.214,3.068,2.945,2.84,2.685,2.787,1.789,2.318,2.546,2.759,2.881,3.15,2.525,2.959,2.46,3.121,2.87,2.53,3.647,2.76,3.223,2.937,2.539,2.702,2.175,2.747,3.017,2.788,2.96,2.685,2.496,2.838,2.263,2.832,3.177,3.072,2.828,2.935,2.924,2.821,1.856,2.338,2.602,2.859,2.788,3.058,2.478,2.729,2.482,3.102,3.01,2.795,3.124,2.858,3.393
3.037,3.058,3.042,2.435,3.954,3.029,2.764,3.069,2.903,2.616,3.096,2.426,2.596,3.276,3.247,3.032,3.001,2.965,2.817,2.143,2.406,2.931,3.03,2.812,3.393,2.65,3.135,2.541,3.203,3.151,2.013,3.904,3.008,3.283,3.393,2.796,3.039,2.629,3.251,3.127,2.855,3.123,2.804,2.652,2.963,2.568,2.694,3.307,3.144,2.923,2.952,3.016,2.863,1.968,2.495,2.668,3.09,2.804,2.846,2.768,3.135,2.548,3.39,2.927,3.144,4.053,3.263,3.628
2.629,2.763,2.778,2.379,3.089,2.907,2.868,2.948,2.648,2.376,3.115,2.458,2.507,3.172,3.212,2.694,2.867,2.871,2.935,2.14,2.212,2.585,2.655,2.666,2.817,2.578,2.99,2.592,3.022,2.959,2.316,3.318,2.803,3.107,2.832,2.46,2.612,2.3,3.53,2.955,2.725,3.055,2.758,2.424,2.825,2.373,2.611,2.965,3.016,2.525,2.846,2.762,2.724,1.984,2.354,2.578,2.597,2.809,3.236,2.249,2.706,2.487,3.059,2.914,2.46,4.325,2.701,3.451
3.079,2.929,2.987,2.141,3.139,3.162,2.805,3.101,2.764,2.417,3.19,2.365,2.992,3.133,3.726,3,3.151,3.188,2.885,1.624,2.49,2.831,2.928,2.896,3.096,2.842,3.333,2.574,3.194,2.968,2.948,3.706,2.582,3.318,2.926,2.864,2.703,2.143,3.455,3.014,2.976,3.211,2.601,2.66,3.158,2.327,2.804,3.294,3.247,2.804,3.043,3.259,3.188,1.805,2.572,2.68,2.915,2.757,3.468,2.814,3.202,2.451,3.393,3.028,3.902,3.717,2.543,3.506
2.83,2.733,2.974,2.176,3.297,3.014,2.929,3.074,2.692,2.643,3.109,2.204,2.578,3.224,3.2,2.609,3.22,3.232,3.042,2.054,2.414,2.628,2.885,2.695,3.412,2.678,3.111,2.334,2.963,3.066,2.284,3.609,2.513,3.396,3.11,2.949,2.876,2.339,3.634,2.916,2.895,2.836,2.817,2.715,2.975,2.283,2.938,3.314,3.244,2.695,3.268,3.283,2.894,2.177,2.484,2.761,2.922,2.661,3.004,2.871,3.032,2.481,2.945,2.909,2.711,3.756,2.883,3.5
2.867,2.977,3.162,2.41,3.928,3.008,2.936,3.019,2.942,2.53,2.971,2.578,2.738,3.303,3.459,2.934,3.153,3.124,3.016,2.253,2.539,2.878,3.076,2.876,3.505,2.904,3.339,2.654,2.971,3.027,3.007,3.949,2.749,3.338,3.12,2.751,3.123,2.352,3.695,3.017,2.807,3.136,2.81,2.537,2.955,2.451,2.889,3.248,3.063,2.938,3.147,3.41,2.986,2.188,2.382,2.799,3.033,2.778,3.307,2.721,3.247,2.359,3.017,2.694,2.582,4.172,2.921,3.547
2.665,2.973,2.461,2.171,3.229,2.868,2.544,2.886,2.628,2.435,2.861,2.365,2.871,2.809,3.256,2.414,2.773,2.635,2.749,1.906,2.306,2.706,2.681,2.597,3.08,2.412,2.847,2.391,2.976,2.542,2.427,3.168,2.753,3.077,2.881,2.669,2.386,2.276,3.126,2.912,2.65,3.001,2.491,2.338,2.796,2.333,2.729,2.932,2.919,2.5,2.86,2.948,2.788,1.895,2.201,2.79,2.652,2.723,3.404,2.293,2.717,2.412,3.021,2.821,2.89,3.395,2.732,3.085
2.84,3.009,2.889,1.824,3.194,3.119,2.618,3.038,2.902,2.415,3.093,1.97,2.791,3.21,2.705,2.453,3.183,3.011,2.934,1.817,2.273,2.681,2.841,2.468,3.273,2.58,3,2.254,3.194,2.761,2.679,3.64,2.547,3.332,2.914,2.474,2.865,1.97,3.468,3.15,2.598,3.052,2.622,2.566,3.115,2.057,2.988,3.284,2.718,2.591,3.17,3.011,3.035,1.915,2.251,2.607,2.759,2.536,3.211,2.814,3.126,2.164,3.213,2.655,2.943,4.171,2.508,3.448
2.921,2.813,2.603,1.965,2.968,2.694,2.6,2.637,2.734,2.294,2.751,2.171,2.406,2.851,2.449,2.455,2.858,2.654,2.495,1.645,2.494,2.803,2.83,2.521,2.726,2.456,2.699,2.207,3.121,2.792,3.048,2.876,2.793,3.172,3.199,2.921,2.359,1.974,2.933,2.735,2.798,2.781,2.976,2.411,2.595,2.165,2.402,2.841,2.435,2.464,2.715,2.695,2.565,1.663,2.224,2.924,2.537,2.524,2.757,2.197,2.571,2.27,3.009,2.8,2.972,2.668,2.81,3.395
3.005,2.918,3.002,2.301,3.609,3.227,2.815,3.128,2.523,2.646,3.171,2.559,2.924,3.395,3.309,3.127,2.996,3.001,2.897,2.148,2.498,2.874,2.954,2.778,3.268,2.884,3.22,2.622,3.347,2.885,2.651,3.845,2.778,3.558,3.233,2.812,2.905,2.242,3.736,3.163,2.997,3.117,2.586,2.802,3.203,2.44,2.82,3.281,3.374,2.901,3.055,3.101,3.018,1.985,2.43,2.825,2.853,2.866,2.772,2.786,3.186,2.588,3.211,2.965,2.982,4.255,2.597,3.516
3.287,3.01,3.118,2.707,3.323,3.28,3.18,3.36,2.396,2.649,3.246,2.566,2.843,3.289,3.352,2.648,3.216,3.289,3.239,2.348,2.735,2.808,2.972,3.017,3.527,2.871,3.2,2.8,3.353,3.195,2.926,4.364,3.334,3.714,3.111,2.676,3.141,2.691,3.256,3.354,3.217,3.501,2.669,2.834,3.167,2.771,3.142,3.469,3.279,2.897,3.314,3.271,3.182,2.361,2.545,2.804,2.906,3.084,3.303,2.768,3.178,2.712,3.335,3.293,2.774,3.45,3.137,3.504
3.114,3.012,3.022,2.426,3.929,3.036,2.953,3.036,2.731,2.713,3.219,2.467,3.038,3.281,3.575,2.764,3.078,3.132,3.082,2.087,2.439,2.676,2.994,2.816,3.101,2.771,3.167,2.491,3.356,3.174,2.663,3.792,3.003,3.438,2.952,2.617,2.996,2.277,4.206,2.993,2.905,3.245,2.587,2.804,3.079,2.522,3.051,3.291,3.623,2.732,3.288,3.04,2.922,1.871,2.346,2.826,3.025,2.79,3.271,2.59,3.174,2.441,3.424,2.94,2.685,3.539,3.039,3.488
2.797,3.01,2.744,2.278,3.124,2.902,2.73,2.826,2.527,2.488,2.713,2.363,2.898,2.866,3.275,2.835,2.894,2.671,2.816,1.805,2.437,2.707,2.858,2.814,3.349,2.599,3.02,2.511,3.112,2.901,2.73,3.931,2.877,3.334,3.149,2.32,2.582,2.32,3.367,2.898,2.879,3.074,2.587,2.613,2.739,2.403,2.649,3.256,2.751,2.847,2.925,2.698,2.715,1.735,2.428,2.627,2.725,2.759,3.038,2.351,2.725,2.507,3.078,2.958,2.659,3.654,2.651,3.325
3.253,2.759,2.971,2.196,4.15,3.077,2.956,3.078,2.944,2.54,3.112,2.314,2.784,3.28,3.223,3.055,3.063,3.302,3.29,1.888,2.717,2.871,2.923,2.911,3.071,2.827,3.199,2.772,3.516,3.054,3.332,4.109,3.052,3.227,3.115,2.999,2.906,2.137,4.136,3.05,2.944,3.214,2.654,2.683,2.978,2.263,2.781,3.372,3.334,2.884,2.875,3.298,2.933,1.679,2.699,2.747,2.924,2.841,3.066,2.729,3.145,2.629,3.418,3.059,3.205,4.425,2.975,3.261
2.622,3.253,2.541,2.241,3.153,2.995,2.606,2.781,2.663,2.381,2.671,2.146,2.585,3.063,3.133,2.474,2.69,2.504,2.445,1.71,2.191,2.75,2.517,2.702,3.278,2.396,2.881,2.283,3.015,2.827,2.484,2.69,2.761,3.069,2.969,3.207,2.613,1.984,3.486,2.951,2.626,2.852,2.511,2.374,2.719,2.013,2.546,2.799,3.028,2.666,2.742,2.641,2.379,1.656,2.24,2.695,2.62,2.708,3.549,2.402,2.902,2.312,2.855,2.701,3.007,3.694,2.499,3.248
2.883,3.819,3.021,2.137,3.252,3.275,3.037,3.263,2.796,2.638,3.084,2.494,3.083,3.295,3.818,2.525,3.158,2.968,3.118,2.145,2.257,3.012,2.882,2.71,3.793,2.903,3.139,2.375,3.373,3.026,3.017,3.669,3.027,3.472,3.134,3.308,3.074,2.164,3.515,3.024,3.043,3.183,2.793,2.669,3.25,2.528,3.075,3.453,3.656,2.584,3.327,3.125,2.911,2.205,2.227,2.822,2.914,2.628,3.619,2.894,3.213,2.271,3.224,3.106,3.006,4.146,3.023,3.645
3.144,2.969,3.145,2.409,3.224,3.219,3.102,3.311,2.724,2.691,3.366,2.41,2.946,3.367,3.026,2.726,3.273,3.418,3.017,1.946,2.604,2.826,3.045,2.892,3.458,3.096,3.261,2.628,3.453,3.24,3.531,3.781,2.811,3.497,3.089,2.892,2.614,2.411,3.16,3.115,3.026,3.198,2.656,2.796,3.225,2.384,2.871,3.303,3.152,2.814,3.191,3.272,3.22,1.868,2.404,2.691,2.806,2.737,3.358,2.894,3.138,2.42,3.432,2.957,3.502,4.019,2.826,3.811
3.121,2.715,3.054,2.092,3.154,3.115,2.897,3.172,2.53,2.409,3.09,2.276,2.847,3.501,3.367,2.654,2.998,3.006,2.909,1.855,2.243,2.74,3.012,2.695,3.255,2.762,3.186,2.371,3.027,2.903,2.891,3.89,2.542,3.266,3.335,2.6,2.931,2.012,3.457,2.977,2.982,3.295,2.499,2.548,3.106,2.284,2.992,3.335,3.265,2.674,3.003,3.25,2.793,1.902,2.191,2.851,2.912,2.679,3.236,2.771,3.155,2.429,3.096,2.717,3.129,3.87,2.57,3.374
3.113,2.888,3.07,2.145,3.948,3.27,2.846,3.049,2.569,2.533,3.024,2.29,2.912,3.274,2.872,2.921,3.045,3.161,3.018,1.861,2.512,2.812,2.957,2.814,3.036,2.821,3.22,2.489,3.067,2.848,2.825,4.206,2.921,3.593,3.298,2.748,2.965,2.213,3.665,3.175,3.009,3.309,2.663,2.586,2.995,2.404,2.712,3.261,2.959,2.736,3.034,3.135,3.118,1.78,2.597,2.705,2.907,2.707,2.958,2.772,3.13,2.567,3.083,2.89,2.875,4.269,3.136,3.529
2.731,2.716,3.011,1.927,3.319,3.123,2.731,3.134,2.602,2.29,2.968,2.333,2.809,3.28,2.929,2.401,3.099,2.867,2.778,1.776,2.267,2.744,3.051,2.468,3.204,2.737,3.02,2.025,3.321,2.889,3.01,3.959,2.936,3.395,3.027,2.778,2.931,2.133,3.311,3.181,2.702,2.984,2.817,2.405,2.854,2.397,2.781,3.148,3.142,2.588,3.258,3.015,3.046,2.034,2.418,2.722,3.007,2.398,3.271,2.783,3.13,2.149,3.292,2.879,3.16,4.035,3.02,3.483
2.853,3.161,2.86,1.903,3.047,2.563,2.725,2.576,2.846,2.293,2.714,2.121,2.764,2.842,2.849,2.524,2.85,2.406,2.636,1.696,2.179,2.774,2.776,2.63,3.328,2.561,3.126,2.313,3.124,2.823,2.383,3.015,2.661,3.388,2.904,2.687,2.575,2.225,3.268,2.756,2.62,2.667,2.787,2.498,2.641,2.368,2.576,2.963,2.991,2.588,2.792,2.478,2.663,1.873,2.178,2.766,2.678,2.665,3.309,2.429,2.971,2.231,3.155,2.734,3.181,3.532,2.54,3.392
2.908,2.973,3.063,2.509,3.622,3.148,3.064,3.207,2.775,2.671,3.246,2.599,3.387,3.397,3.209,3.127,3.253,2.844,3.357,2.206,2.811,2.906,3.044,2.9,4.011,2.975,3.584,2.768,3.534,3.058,3.093,3.673,2.939,3.56,3.383,2.89,3.051,2.559,3.433,3.269,3.215,3.384,2.62,2.686,3.157,2.568,3.105,3.248,2.929,3.104,3.265,3.006,3.041,2.074,2.555,2.931,3.137,3.098,3.392,2.774,3.418,2.771,3.398,3.287,2.582,3.973,2.94,3.882
3.002,3.009,2.667,1.929,3.334,2.965,2.68,3.005,2.678,2.337,2.878,2.24,2.777,3.284,3.1,2.715,2.875,3.188,2.696,1.633,2.441,2.684,2.824,2.681,3.202,2.48,2.875,2.504,3.246,2.95,2.727,4.006,2.819,3.335,3.148,2.599,2.35,2.002,3.552,3.002,2.734,2.991,2.624,2.55,2.788,2.241,2.677,3.234,3.079,2.583,2.887,3.027,2.321,1.68,2.315,2.677,2.677,2.705,2.953,2.319,2.679,2.47,3.29,2.848,2.927,4.017,3.028,3.383
2.856,3.3,2.975,2.252,3.512,3.122,2.934,3.194,2.58,2.574,3.092,2.555,3.019,3.224,2.686,2.979,3.129,3.346,3.043,2.174,2.543,3.003,2.957,2.825,3.37,2.955,3.126,2.67,3.162,3.075,3.228,3.983,2.816,3.534,3.15,3.442,3.032,2.224,3.403,3.038,2.99,3.07,2.523,2.761,3.337,2.608,3.158,3.306,2.788,2.846,3.239,3.046,3.195,2.188,2.347,3.213,2.751,2.809,3.387,2.941,3.101,2.513,3.182,2.913,3.198,3.798,2.578,3.635
2.735,2.617,2.869,2.23,3.37,2.871,2.678,2.825,2.763,2.343,2.701,2.042,2.505,3.068,2.893,2.674,2.747,2.776,2.668,1.799,2.302,2.585,2.783,2.679,2.989,2.455,2.842,2.464,3.135,2.676,2.276,3.123,2.603,3.071,2.796,2.531,2.679,2.145,3.115,2.855,2.718,2.945,2.86,2.378,2.706,2.204,2.527,3.021,2.923,2.688,2.7,2.687,2.696,1.769,2.394,2.511,2.692,2.679,2.559,2.275,2.736,2.416,2.938,2.698,2.445,3.458,2.8,3.297
2.826,2.508,2.535,1.944,3.184,2.815,2.601,2.741,2.443,2.039,2.69,2.073,2.835,2.826,3.25,2.671,2.717,2.605,2.525,1.798,2.166,2.653,2.507,2.479,3.276,2.395,2.75,2.207,2.877,2.69,2.776,3.285,2.497,3.109,2.63,2.333,2.352,2.205,3.153,2.739,2.713,2.695,2.538,2.231,2.73,2.188,2.501,2.963,3.089,2.482,2.548,2.644,2.494,2.001,2.576,2.435,2.145,2.574,2.848,2.384,2.639,2.364,3.123,2.655,2.287,3.492,2.615,2.965
2.78,2.906,2.606,1.962,3.272,2.604,2.654,2.732,2.242,2.112,2.646,2.167,2.693,3.061,2.837,2.688,2.801,2.609,2.835,1.78,2.206,2.621,2.656,2.598,3.572,2.404,2.77,2.368,2.895,2.661,2.504,2.986,2.547,3.098,2.893,2.527,2.647,1.936,2.705,2.77,2.64,2.764,2.399,2.227,2.758,2.158,2.564,3.04,2.762,2.619,2.747,3.003,2.777,1.914,2.176,2.518,2.655,2.533,3.001,2.22,2.82,2.356,2.966,2.7,2.738,3.33,2.528,3.247
2.856,2.699,2.933,2.498,3.581,3.079,3.095,3.263,2.736,2.684,2.914,2.456,2.475,3.324,3.607,2.954,3.152,2.583,2.814,2.199,2.522,2.905,3.01,2.929,3.209,2.726,3.076,2.609,3.23,2.893,2.853,3.932,2.717,3.413,3.23,2.872,2.993,2.299,3.04,2.971,3.067,3.163,2.952,2.76,2.834,2.443,2.464,3.296,3.06,3.021,3.193,3.125,2.974,2.04,2.446,2.868,3.065,2.854,3.251,2.527,3.125,2.527,3.246,3,2.757,3.904,2.725,3.388
3.229,3,3.076,2.301,3.191,3.123,2.89,3.253,2.846,2.761,3.01,2.577,2.838,3.336,3.477,2.895,3.246,3.003,3.157,2.114,2.43,2.811,3.146,2.685,3.124,2.707,3.168,2.557,3.363,3.114,2.451,3.919,2.832,3.648,3.386,2.639,2.822,2.389,3.662,3.042,3.137,3.077,2.576,2.839,3.112,2.458,2.748,3.544,3.224,2.958,3.283,3.139,3.105,2.189,2.445,2.668,3,2.851,3.138,2.614,3.051,2.424,3.193,3.069,2.655,4.193,3.064,3.653
3.112,3.258,2.949,2.105,3.542,2.973,2.913,3.04,2.527,2.442,3.249,2.338,2.894,3.194,3.193,2.698,2.907,3.22,2.913,1.809,2.3,2.846,2.764,2.875,3.233,2.781,2.979,2.516,2.856,2.942,2.462,3.677,2.794,3.614,2.666,2.84,2.694,2.296,3.7,3.06,2.901,3.099,2.587,2.472,3.076,2.434,2.846,3.25,3.096,2.577,2.777,2.79,2.692,1.879,2.284,2.617,2.604,2.904,3.116,2.392,2.839,2.56,3.024,2.957,2.451,3.825,3.027,3.604
2.98,2.683,3.085,2.389,3.339,3.136,2.823,3.274,2.571,2.588,3.023,2.493,2.739,3.319,3.535,2.607,3.244,2.9,2.742,2.039,2.404,2.775,2.958,2.757,2.905,2.798,3.023,2.537,3.114,2.977,3.046,3.74,2.457,3.574,3.111,3.214,2.968,2.34,3.487,3.088,3.018,3.185,2.495,2.626,3.045,2.529,3.076,3.273,3.481,2.709,2.859,2.978,2.908,2.029,2.316,2.716,2.834,2.619,3.336,2.863,3.038,2.432,3.157,3.021,3.248,3.859,2.913,3.525
2.841,2.777,2.907,2.252,3.415,2.979,2.594,2.882,2.673,2.479,2.822,2.281,2.642,2.755,3.209,2.58,2.808,2.715,2.487,1.792,2.233,2.593,2.706,2.744,3.14,2.487,2.888,2.287,2.887,2.783,2.647,2.789,2.788,3.17,2.808,2.961,2.575,2.224,3.811,3.018,2.672,2.964,2.64,2.505,2.778,2.429,2.537,3.114,2.95,2.456,2.844,2.943,2.651,1.78,2.252,2.837,2.696,2.721,3.21,2.321,2.891,2.213,2.989,2.745,2.213,3.52,2.902,3.134
3.014,2.877,2.86,2.273,3.56,3.294,2.927,3.138,2.441,2.503,3.035,2.603,2.847,3.375,3.069,3.097,3.005,3.205,3.124,1.968,2.645,2.892,2.85,2.855,3.323,2.886,3.294,2.548,3.293,2.95,2.478,4.066,2.751,3.58,3.368,2.785,3.155,2.341,3.29,3.12,2.768,3.282,2.675,2.61,3.121,2.484,3.073,3.361,2.954,2.912,2.968,3.242,3.023,2.072,2.511,2.947,2.885,2.854,3.188,2.769,3.326,2.619,3.158,3.146,3.085,3.766,2.59,3.418
2.831,2.741,2.728,2.306,3.359,3.008,2.805,2.837,2.77,2.499,2.843,2.349,2.521,2.973,3.183,2.856,2.886,2.646,2.629,1.93,2.499,2.768,2.853,2.8,3.03,2.451,2.967,2.483,3.157,2.954,2.102,3.474,2.607,3.393,2.995,2.576,2.775,2.2,3.854,3.083,2.912,3.073,2.89,2.599,2.632,2.423,2.507,3.167,3.242,2.58,2.928,2.628,2.639,1.94,2.444,2.672,2.729,2.776,3.136,2.324,2.816,2.416,3.191,2.976,2.144,3.786,2.573,3.43
2.802,3.036,3.147,2.456,3.627,3.28,3.192,3.346,2.698,2.646,3.088,2.487,2.825,3.429,3.192,3.02,3.359,3.781,3.066,1.979,2.693,2.94,3.123,2.88,3.171,3.009,3.459,2.865,3.088,3.241,2.82,3.691,3.086,3.463,3.049,2.844,3.192,2.544,3.915,3.096,3.223,3.296,2.819,2.691,2.918,2.467,2.784,3.334,3.292,3.066,3.186,3.403,3.243,2.227,2.623,2.699,2.854,2.939,3.355,2.953,3.388,2.902,3.217,3.281,2.986,3.897,3.078,3.707
3.075,2.992,2.865,2.368,3.583,3.438,3.123,3.328,2.87,2.695,3.217,2.611,2.832,3.518,3.522,3.104,3.087,3.611,3.042,2.151,2.686,2.826,2.934,3.054,3.291,3.086,3.317,2.904,3.285,3.222,3.758,3.733,3.159,3.492,2.993,2.641,3.01,2.399,3.87,3.177,3.157,3.056,2.864,2.853,3.201,2.535,3.15,3.526,3.76,3.046,3.242,3.293,3.198,2.125,2.652,2.744,3.074,3.021,3.22,2.929,3.289,2.875,3.512,3.215,3.212,4.283,3.014,3.737
2.858,2.615,2.845,2.05,3.697,3.001,2.731,3.008,2.534,2.393,2.837,2.28,2.535,3.133,3.011,2.603,2.901,2.916,2.652,1.817,2.28,2.63,2.803,2.761,3.024,2.475,2.92,2.309,3.137,2.828,2.466,3.926,2.978,3.301,2.836,2.84,2.784,2.084,4.284,2.892,2.782,3.186,2.709,2.402,2.853,2.483,2.488,3.149,3.157,2.597,2.674,3.006,2.607,1.835,2.333,2.6,2.743,2.833,3.256,2.38,2.78,2.469,3.293,2.818,1.921,4.061,2.764,3.278
3.195,2.54,2.965,2.557,3.78,3.187,2.778,3.097,2.547,2.632,2.957,2.504,2.671,3.482,3.125,2.65,2.899,2.948,2.818,2.181,2.34,2.772,3.031,2.558,3.114,2.604,3.037,2.483,3.154,2.952,2.862,3.934,2.905,3.424,3.078,2.584,3.132,2.227,3.512,2.987,2.946,3.188,2.532,2.688,2.965,2.537,2.552,3.369,3.405,2.759,3,2.906,2.966,2.087,2.396,2.544,3.142,2.595,2.917,2.669,3.069,2.447,3.281,2.912,3.114,4.272,3.037,3.3
2.936,2.848,3.153,2.185,3.61,3.231,2.951,3.32,2.779,2.461,3.184,2.565,2.912,3.474,3.096,2.733,3.175,3.151,3.092,2.166,2.265,2.934,2.893,2.831,3.311,3.002,3.4,2.561,3.339,3.03,3.071,3.818,2.715,3.236,3.453,2.581,3.111,2.16,3.245,3.056,2.979,3.165,2.72,2.595,3.062,2.399,3.124,3.512,3.092,2.72,3.434,3.243,3.078,1.999,2.359,2.587,2.972,2.754,3.262,2.975,3.406,2.466,3.253,3.015,3.23,3.856,2.692,3.588
2.731,2.935,2.576,2.144,3.296,2.745,2.62,2.849,2.464,2.309,2.907,2.056,2.408,2.988,3.253,2.516,2.81,2.868,2.514,1.74,2.189,2.628,2.547,2.505,2.896,2.417,2.743,2.292,3.082,2.612,2.84,3.674,2.659,3.107,2.811,2.697,2.448,2.211,3.723,2.91,2.709,2.746,2.781,2.386,2.923,2.186,2.512,2.831,3.146,2.623,2.661,2.918,2.663,1.721,2.234,2.749,2.551,2.635,2.909,2.377,2.671,2.26,2.959,2.764,2.877,3.799,2.881,3.042
2.578,2.553,2.704,2.188,3.426,2.887,2.615,2.784,2.576,2.447,2.664,2.331,2.452,2.932,2.588,2.488,2.761,2.816,2.699,2.065,2.322,2.667,2.7,2.61,2.747,2.594,2.806,2.499,2.866,2.762,3.079,3.592,2.467,3.016,2.911,2.467,2.742,2.111,3.504,2.79,2.672,2.806,2.659,2.353,2.581,2.079,2.449,2.951,2.733,2.632,2.893,2.763,2.599,2.06,2.213,2.639,2.641,2.651,2.813,2.468,2.749,2.426,2.776,2.714,2.665,3.668,2.452,3.08
2.713,2.577,2.648,2.237,3.419,2.859,2.718,2.947,2.582,2.356,2.847,2.273,2.559,3.074,3.081,2.68,2.807,2.681,2.666,1.811,2.37,2.526,2.742,2.633,2.775,2.415,2.84,2.392,3.099,2.848,2.46,3.447,2.33,3.097,3.041,2.371,2.66,2.184,3.381,2.988,2.811,3.074,2.659,2.456,2.781,2.318,2.57,3.315,2.935,2.641,2.759,3.073,2.673,1.795,2.32,2.502,2.768,2.618,2.85,2.066,2.725,2.336,3.142,2.836,2.416,3.94,2.751,3.277
3.329,3.253,3.172,2.384,3.995,3.33,3.335,3.236,2.695,2.855,3.307,2.548,2.952,3.615,3.123,3.108,3.125,3.253,2.961,1.996,2.626,3.122,3.065,2.936,3.21,2.788,3.304,2.768,3.264,3.114,3.283,4.033,2.794,3.687,3.308,3.122,3.121,2.45,3.289,3.289,3.227,3.543,2.651,2.986,3.276,2.509,3.08,3.624,3.268,3.083,3.246,3.255,3.126,2.218,2.614,3.174,3.149,2.993,3.671,2.953,3.384,2.798,3.542,3.204,3.364,4.112,3.203,3.612
2.917,3.147,2.964,2.658,4.164,3.303,2.872,3.278,3.131,2.675,3.148,2.631,2.841,3.317,2.872,3.083,3.145,3.081,2.896,2.294,2.454,2.934,3.104,2.82,2.847,2.766,3.362,2.357,3.39,2.884,2.803,3.681,2.812,3.39,3.314,3.294,3.147,2.486,4.138,3.116,2.938,3.5,2.897,2.809,3.005,2.495,2.977,3.319,2.617,3.019,2.994,3.245,2.817,2.201,2.418,3.214,3.059,2.785,3.1,2.742,3.231,2.226,3.406,2.861,3.18,4.359,3.137,3.584
3.012,2.933,2.889,2.057,3.281,3.02,2.725,2.741,2.416,2.337,2.877,2.314,2.619,3.18,3.176,2.655,2.85,3.115,2.761,1.944,2.232,2.539,2.783,2.678,2.983,2.575,2.862,2.557,3.098,2.797,3.033,3.14,2.622,3.106,2.988,2.71,2.677,2.028,3.384,2.985,2.585,2.927,2.609,2.538,2.806,2.306,2.413,3.108,3.012,2.677,2.825,2.789,2.658,1.822,2.207,2.512,2.732,2.705,2.781,2.35,2.714,2.407,3.237,2.803,2.397,3.77,2.906,3.265
2.987,3.287,3.024,2.194,3.233,2.899,2.905,2.893,2.501,2.438,3.126,2.223,2.971,3.117,2.993,2.739,2.864,2.912,2.803,1.876,2.222,2.984,2.834,2.701,3.397,2.77,3.109,2.555,3.134,2.901,3.319,3.767,2.909,3.486,2.889,2.833,2.727,2.143,3.094,3.059,2.92,3.199,2.655,2.571,3.066,2.381,2.746,3.389,2.997,2.651,2.798,3.176,2.766,2.021,2.236,2.661,2.768,2.849,3.166,2.633,2.995,2.529,3.127,2.831,3.316,4.119,2.902,3.145
3.146,2.84,2.948,2.404,3.164,3.032,2.883,3.015,3.097,2.682,3.296,2.491,3.102,3.068,3.09,2.891,3.211,2.905,3.089,2.028,2.495,2.994,2.931,2.929,2.99,2.795,3.222,2.545,3.116,2.95,2.708,3.354,2.681,3.448,3.323,2.656,2.822,2.489,3.116,3.09,3.1,3.215,2.865,2.658,3.047,2.478,2.742,3.373,3.212,2.789,3.114,3.033,3.21,2.06,2.552,2.633,2.948,2.802,3.355,2.693,2.944,2.546,3.019,3.087,2.546,3.548,2.662,3.461
3.303,3.163,3.114,2.482,3.11,3.356,3.26,3.302,2.71,2.768,3.319,2.613,2.95,3.386,3.297,3.12,3.215,3.194,2.895,2.25,2.483,2.899,3.022,3.089,3.508,2.906,3.42,2.826,3.489,3.047,3.478,4.202,3.038,3.756,3.153,3.134,3.174,2.528,4.301,3.411,3.063,3.434,2.928,2.918,3.123,2.717,2.937,3.463,2.871,3.123,3.393,3.233,3.009,2.222,2.482,2.902,3.081,3.162,3.317,2.854,3.423,2.741,3.382,3.108,3.076,4.503,3.068,3.713
2.721,2.708,2.399,2.093,3.452,2.801,2.468,2.561,2.686,2.205,2.755,2.269,2.428,2.697,3.121,2.726,2.656,2.761,2.66,1.796,1.939,2.55,2.57,2.612,3.017,2.269,2.493,2.193,2.855,2.535,2.111,3.108,2.531,3.12,2.844,2.593,2.341,2.081,3.549,2.84,2.428,2.806,2.56,2.172,2.65,2.139,2.361,2.937,3.084,2.495,2.702,2.739,2.493,2.021,1.896,2.537,2.466,2.545,2.905,2.12,2.401,2.062,3.011,2.473,2.077,3.369,2.158,3.233
2.726,2.794,3.003,2.371,3.414,3.073,2.94,3.035,2.684,2.551,2.925,2.462,2.828,3.33,2.932,2.751,2.762,2.884,2.786,1.881,2.322,2.841,2.812,2.759,2.917,2.715,3.121,2.529,3.155,2.895,3.142,3.551,2.361,3.309,2.996,2.766,2.785,2.16,3.757,3.003,2.883,3.007,2.508,2.578,2.93,2.341,2.795,3.245,2.998,2.554,3.057,2.925,2.9,1.925,2.12,2.871,2.646,2.685,2.824,2.666,3.053,2.506,3.104,2.749,2.946,3.718,1.964,3.345
3.066,3.134,2.903,2.114,3.647,3.162,2.959,3.257,2.449,2.749,2.988,2.507,2.622,3.236,2.962,2.5,3.077,3.322,2.783,1.875,2.469,2.809,2.798,2.692,3.162,2.63,2.847,2.408,3.305,3.037,3.105,3.983,3.202,3.339,2.903,2.668,2.675,2.006,3.736,3.087,2.913,3.17,2.425,2.686,2.972,2.563,2.763,3.242,2.778,2.496,2.917,3.007,2.779,1.959,2.496,2.768,2.81,2.685,3.362,2.642,2.925,2.501,3.139,2.988,3.184,3.985,3.029,3.343
2.996,2.736,2.808,2.218,3.784,2.918,2.709,2.919,2.39,2.537,3.056,2.244,2.584,2.885,3.397,2.765,2.763,3.067,2.851,2.026,2.226,2.827,2.754,2.692,2.802,2.671,3.024,2.443,2.97,2.702,2.851,3.388,2.312,3.364,2.792,2.763,2.674,2.148,3.979,2.909,2.696,2.848,2.499,2.527,3.075,2.263,3.064,2.99,3.255,2.656,2.832,2.989,2.88,2.191,2.32,2.719,2.76,2.629,3.042,2.492,2.979,2.434,2.972,2.713,2.754,4.033,2.295,3.263
3.199,2.881,3.167,2.479,3.421,3.168,3.052,3.267,2.906,2.592,3.217,2.558,3.073,3.457,3.238,2.834,3.086,3.049,2.917,2.296,3.172,2.996,2.647,3.15,3.358,2.947,3.499,2.751,3.165,3.118,2.895,3.785,2.783,3.669,3.555,2.561,3.132,2.197,3.307,3.223,3.146,3.227,2.551,2.644,3.282,2.631,2.963,3.376,3.227,3.007,3.161,3.305,3.189,2.017,2.544,2.822,3.156,3.091,3.135,2.888,3.311,2.576,3.507,3.226,2.939,3.901,3.292,3.584
3.39,2.734,3.149,2.66,3.835,3.385,3.092,3.313,2.802,2.836,3.358,2.661,3.182,3.547,3.378,2.893,3.213,3.301,3.133,2.465,2.662,2.936,3.102,2.999,3.365,3.056,3.351,2.68,3.252,3.243,3.175,4.008,2.947,3.601,3.307,2.828,2.89,2.724,3.863,3.263,3.007,3.253,2.671,2.857,3.342,2.745,3.241,3.524,3.223,2.975,2.924,3.277,3.153,2.59,2.526,2.764,2.906,2.947,3.601,2.785,3.303,2.676,3.383,3.288,2.904,3.43,2.989,3.594
2.84,2.939,2.913,2.272,3.556,3.057,2.743,3.033,2.626,2.424,2.93,2.17,2.583,3.001,3.384,2.772,3.06,2.881,2.689,2.016,2.502,2.798,2.787,2.625,3.033,2.696,3.026,2.284,3.193,2.746,3.161,3.845,2.46,3.115,2.704,2.774,2.859,2.273,3.943,2.824,2.57,2.793,2.588,2.351,2.814,2.199,2.604,2.904,3.015,2.759,2.849,2.907,2.824,2.063,2.426,2.753,2.725,2.575,3.107,2.537,2.884,2.334,3.074,2.654,2.573,3.993,2.794,3.246
