0.523768,0.531352,0.624682,0.661754,0.798449,0.655747,0.622533,0.583886,0.63898,0.790274,0.817295,0.607515,0.606837,0.499365,0.525191,0.634017,0.620844,0.654235,0.786013,0.64075,0.604918,0.551953,0.608186,0.712527,0.714353,0.51126,0.535867,0.69411,0.756653,0.667915,0.672307,0.628038,0.662745,0.836893,0.712442,0.727899,0.510501,0.541281,0.533194,0.557442,0.530027,0.597327,0.570241,0.661607,0.542247,0.602017
0.516524,0.523169,0.556857,0.640171,0.721553,0.562522,0.603521,0.562065,0.650132,0.744129,0.788255,0.572925,0.640394,0.464443,0.508907,0.476192,0.489764,0.631586,0.772369,0.586556,0.56903,0.495081,0.592775,0.615999,0.652134,0.51936,0.540917,0.661102,0.72157,0.689894,0.687409,0.616979,0.682324,0.846312,0.710364,0.694159,0.478559,0.523515,0.447063,0.544679,0.499636,0.584024,0.545261,0.623355,0.643894,0.681902
0.525532,0.537828,0.652944,0.687241,0.791313,0.729568,0.639523,0.63915,0.710002,0.776951,0.833173,0.647169,0.644837,0.519884,0.573767,0.481771,0.589496,0.665458,0.805652,0.61371,0.637517,0.59526,0.631771,0.733415,0.728563,0.538391,0.535617,0.726194,0.801957,0.73605,0.674373,0.660127,0.712541,0.87341,0.748411,0.715412,0.54634,0.544147,0.649315,0.657996,0.54034,0.589889,0.628431,0.653126,0.726231,0.671137
0.491102,0.479968,0.595061,0.623661,0.733094,0.686195,0.648643,0.604886,0.631997,0.743814,0.783251,0.57323,0.62119,0.514908,0.548662,0.610436,0.520647,0.635901,0.707733,0.607179,0.585097,0.619283,0.674542,0.642019,0.621357,0.500238,0.543878,0.662836,0.723613,0.6205,0.645561,0.590706,0.615435,0.838628,0.714814,0.725581,0.510078,0.578586,0.508557,0.542782,0.51392,0.571513,0.547368,0.626243,0.607028,0.690784
0.503196,0.476046,0.617573,0.632563,0.781103,0.776395,0.726586,0.622725,0.635214,0.768038,0.824158,0.618348,0.645807,0.517986,0.549145,0.597024,0.592905,0.653453,0.750803,0.611567,0.606665,0.64055,0.681763,0.701633,0.698058,0.484233,0.533102,0.665549,0.711742,0.652955,0.668251,0.575897,0.6254,0.81024,0.743015,0.752595,0.500927,0.530592,0.539113,0.606456,0.531847,0.566719,0.578983,0.625687,0.650683,0.629944
0.495158,0.496832,0.615537,0.672824,0.758494,0.679361,0.622746,0.503928,0.59148,0.781125,0.818506,0.581877,0.630755,0.476768,0.532708,0.566538,0.629206,0.690435,0.764703,0.566325,0.588647,0.579162,0.666719,0.65546,0.647294,0.472337,0.503647,0.681108,0.77169,0.66017,0.630302,0.579467,0.652645,0.833094,0.722507,0.710124,0.473584,0.531166,0.59102,0.616156,0.503203,0.568464,0.528132,0.583039,0.622314,0.571837
0.542985,0.505887,0.630036,0.648697,0.795536,0.699416,0.664489,0.579011,0.672245,0.738033,0.801719,0.592171,0.616323,0.510653,0.535839,0.392543,0.564618,0.6582,0.771509,0.596163,0.573832,0.524363,0.597111,0.663425,0.635619,0.538344,0.593218,0.664079,0.764393,0.732095,0.733247,0.625275,0.730166,0.874804,0.701752,0.698818,0.539522,0.610528,0.532281,0.631365,0.546368,0.625625,0.578892,0.668035,0.597636,0.674166
0.522281,0.533738,0.613608,0.643602,0.76792,0.649887,0.589423,0.593577,0.656657,0.80423,0.838132,0.611231,0.670746,0.511799,0.5381,0.656463,0.622656,0.696118,0.768279,0.608187,0.620882,0.541034,0.652326,0.694652,0.686762,0.546802,0.577568,0.721614,0.776182,0.71401,0.679779,0.683484,0.708893,0.840963,0.717406,0.702414,0.519363,0.574758,0.551117,0.658531,0.544656,0.592712,0.590755,0.645353,0.552045,0.605142
0.547817,0.535886,0.614826,0.648364,0.769254,0.691382,0.675909,0.616755,0.687864,0.761569,0.805189,0.593301,0.605074,0.526718,0.563832,0.609758,0.59873,0.667787,0.780716,0.608605,0.590917,0.639763,0.652619,0.658363,0.668104,0.532047,0.540904,0.699921,0.750091,0.68651,0.613383,0.676174,0.687696,0.838082,0.730639,0.747804,0.533357,0.592604,0.559288,0.638016,0.567657,0.61179,0.569746,0.621558,0.592925,0.628151
0.517625,0.501102,0.648906,0.665658,0.779958,0.740637,0.67241,0.552987,0.625171,0.756612,0.786348,0.584832,0.638336,0.501709,0.53711,0.623546,0.590276,0.673149,0.789808,0.563722,0.566307,0.535568,0.618139,0.622734,0.636997,0.520749,0.534011,0.683283,0.741086,0.681385,0.70063,0.650735,0.674037,0.845204,0.692551,0.722971,0.497241,0.539225,0.591066,0.605397,0.54939,0.612942,0.567473,0.636331,0.621544,0.634595
0.536125,0.514628,0.652672,0.669298,0.766863,0.747302,0.663042,0.553734,0.647537,0.77407,0.803051,0.611256,0.623434,0.533067,0.580905,0.597577,0.59918,0.684299,0.757859,0.578607,0.599292,0.567865,0.637026,0.652227,0.699831,0.514366,0.508194,0.668402,0.725693,0.645149,0.665756,0.598379,0.637188,0.836772,0.705246,0.722202,0.531884,0.567954,0.584282,0.65202,0.527155,0.577644,0.539292,0.633294,0.534182,0.583975
0.508757,0.522021,0.624885,0.658871,0.770693,0.691252,0.652876,0.530225,0.643419,0.764197,0.800411,0.649906,0.702748,0.507599,0.548653,0.647828,0.625787,0.690701,0.757044,0.654546,0.633113,0.636712,0.748876,0.658973,0.684725,0.508941,0.529753,0.665342,0.73964,0.685064,0.652628,0.609391,0.702333,0.815671,0.75404,0.733952,0.506559,0.5593,0.562005,0.621637,0.532534,0.602787,0.570748,0.689414,0.54677,0.564919
0.495608,0.476756,0.593204,0.63462,0.78172,0.755247,0.677773,0.66065,0.658624,0.795842,0.840405,0.59595,0.633622,0.493017,0.526717,0.610293,0.620839,0.695859,0.761261,0.602004,0.61529,0.546601,0.5598,0.686893,0.69145,0.526306,0.535586,0.686843,0.751512,0.701294,0.690371,0.631464,0.635431,0.845827,0.72709,0.715087,0.523971,0.542499,0.55921,0.641134,0.567733,0.613591,0.561486,0.594524,0.577454,0.655686
0.550102,0.53077,0.615998,0.66273,0.772061,0.680768,0.667547,0.667933,0.766128,0.77481,0.830944,0.624149,0.681096,0.495099,0.547565,0.52015,0.557546,0.669569,0.766572,0.631328,0.621432,0.619361,0.663235,0.685615,0.715777,0.529767,0.55076,0.654266,0.746143,0.724254,0.636227,0.605339,0.695704,0.788782,0.710373,0.700804,0.487909,0.574631,0.519976,0.637559,0.546847,0.629357,0.544743,0.628761,0.580879,0.585996
0.516089,0.512839,0.613331,0.62269,0.759549,0.680154,0.579895,0.528131,0.648558,0.735721,0.812762,0.580169,0.614328,0.506869,0.550132,0.500843,0.544341,0.665981,0.758731,0.627001,0.594196,0.61976,0.676148,0.677999,0.691283,0.510572,0.513281,0.685514,0.76237,0.666046,0.644551,0.589734,0.690204,0.815431,0.666369,0.666688,0.508525,0.514218,0.532847,0.584199,0.535203,0.570901,0.557084,0.62527,0.488457,0.578582
0.468696,0.48724,0.572473,0.621866,0.761776,0.613695,0.641455,0.598931,0.679447,0.761948,0.800267,0.629673,0.598148,0.477111,0.504617,0.599418,0.609668,0.708596,0.767506,0.559588,0.55251,0.563743,0.596024,0.677073,0.640836,0.484662,0.506393,0.63308,0.730767,0.658657,0.691635,0.597474,0.663446,0.82133,0.704548,0.68196,0.476866,0.531135,0.488081,0.613212,0.524057,0.563289,0.539755,0.645462,0.651188,0.626847
0.53856,0.503444,0.625952,0.633284,0.752103,0.669041,0.650606,0.59348,0.612766,0.754872,0.779303,0.524048,0.555022,0.518342,0.534477,0.597058,0.597535,0.621053,0.69892,0.607563,0.584719,0.55336,0.631284,0.656246,0.663045,0.523401,0.529828,0.659071,0.71146,0.656697,0.700011,0.633275,0.669323,0.774747,0.672828,0.66359,0.509056,0.535521,0.559758,0.607441,0.498581,0.55614,0.583748,0.66261,0.596058,0.593238
0.572931,0.550287,0.665756,0.683033,0.79411,0.751116,0.681133,0.633926,0.711113,0.79095,0.840945,0.686941,0.628449,0.55062,0.603345,0.627843,0.653519,0.736444,0.782205,0.606912,0.615014,0.672667,0.721038,0.665375,0.673048,0.563269,0.592169,0.702628,0.792638,0.737422,0.696929,0.66966,0.712234,0.866546,0.727649,0.720427,0.536024,0.584183,0.553335,0.60607,0.563565,0.638335,0.600921,0.698517,0.641763,0.710805
0.504976,0.503122,0.615264,0.66075,0.743448,0.72328,0.660096,0.637984,0.729594,0.805849,0.831302,0.647697,0.668405,0.526923,0.546001,0.567781,0.623849,0.738399,0.752724,0.60425,0.595944,0.589964,0.651296,0.704529,0.682364,0.51464,0.541258,0.704516,0.777528,0.717953,0.711225,0.634031,0.697357,0.820864,0.723644,0.7126,0.529803,0.578729,0.553606,0.653283,0.552334,0.605957,0.590918,0.667579,0.540957,0.656208
0.517527,0.50221,0.620312,0.65358,0.771183,0.677546,0.667955,0.557377,0.67327,0.748524,0.798235,0.623272,0.583554,0.508836,0.53253,0.637834,0.583304,0.643248,0.76524,0.539345,0.579109,0.637647,0.692524,0.657822,0.686063,0.532431,0.530354,0.685701,0.741458,0.675783,0.679636,0.632128,0.662323,0.836044,0.710929,0.71245,0.499011,0.542945,0.54045,0.589562,0.507576,0.569448,0.561494,0.636493,0.6324,0.620728
0.524723,0.516855,0.665386,0.671116,0.788374,0.74928,0.69143,0.548532,0.606605,0.770387,0.772928,0.610316,0.657974,0.520737,0.53666,0.64983,0.601311,0.604865,0.774269,0.582641,0.586263,0.515778,0.590776,0.688157,0.686851,0.516252,0.564076,0.695549,0.753942,0.686703,0.684345,0.634288,0.640874,0.844352,0.738907,0.7122,0.561794,0.579353,0.616522,0.656517,0.56622,0.598583,0.588987,0.640488,0.577611,0.648474
0.513713,0.508721,0.5828,0.633165,0.718928,0.590756,0.568684,0.482406,0.541996,0.741362,0.79621,0.577579,0.584922,0.473006,0.507668,0.619081,0.599886,0.656484,0.70386,0.547547,0.528495,0.572756,0.621357,0.630466,0.629807,0.469678,0.476781,0.646651,0.70535,0.589293,0.585791,0.556285,0.65118,0.778474,0.701102,0.680867,0.474954,0.548038,0.564226,0.599277,0.523693,0.571661,0.520638,0.585404,0.545717,0.597561
0.519385,0.481175,0.553178,0.586241,0.731108,0.647761,0.565109,0.526097,0.63371,0.691058,0.733692,0.604136,0.551316,0.482009,0.512925,0.539956,0.529146,0.624995,0.744981,0.621044,0.634367,0.552985,0.645981,0.687823,0.67281,0.492861,0.528646,0.629591,0.684345,0.654857,0.654889,0.572075,0.566612,0.83171,0.64386,0.65376,0.480449,0.515389,0.455179,0.562731,0.522727,0.532742,0.521437,0.588148,0.675641,0.72587
0.483805,0.519082,0.621017,0.652488,0.777038,0.705545,0.647743,0.516085,0.631726,0.752312,0.796543,0.684,0.672772,0.466685,0.514441,0.56281,0.59144,0.71177,0.793413,0.604125,0.593872,0.528461,0.53636,0.630611,0.663898,0.513819,0.509436,0.666152,0.771974,0.744015,0.680108,0.612777,0.686639,0.842184,0.684524,0.655092,0.479049,0.53996,0.537198,0.595641,0.520471,0.599798,0.603319,0.660396,0.643229,0.663153
0.557081,0.570124,0.617307,0.683794,0.795478,0.705801,0.658517,0.586511,0.705463,0.781556,0.841576,0.634704,0.620082,0.533081,0.55753,0.570176,0.556492,0.681702,0.798874,0.624319,0.626988,0.59025,0.636329,0.644871,0.648444,0.562858,0.551591,0.701667,0.770955,0.752897,0.737254,0.671765,0.680501,0.877164,0.687048,0.735705,0.541151,0.579934,0.501221,0.648036,0.533841,0.587042,0.589373,0.67049,0.613942,0.6424
0.533765,0.505241,0.622609,0.641144,0.782544,0.681406,0.648162,0.533337,0.60544,0.792166,0.825914,0.644461,0.639089,0.49187,0.508772,0.440286,0.527373,0.673419,0.788864,0.588792,0.588494,0.619425,0.641444,0.636275,0.682693,0.549274,0.604059,0.725834,0.790902,0.745795,0.705544,0.632613,0.706297,0.879127,0.721295,0.740887,0.528919,0.573478,0.515435,0.576558,0.542904,0.602398,0.60275,0.609814,0.591136,0.671691
0.486926,0.489309,0.560836,0.616646,0.719919,0.589363,0.555768,0.558524,0.626104,0.759735,0.807681,0.620721,0.643017,0.480491,0.541356,0.555255,0.554911,0.670719,0.723228,0.570761,0.567607,0.541778,0.624219,0.637126,0.627814,0.490127,0.483019,0.632093,0.721456,0.624178,0.631957,0.622709,0.608764,0.794255,0.714034,0.680208,0.475365,0.526739,0.46472,0.597603,0.518773,0.549395,0.518833,0.597409,0.604231,0.575746
0.562778,0.520069,0.636586,0.667171,0.792058,0.722067,0.681756,0.621636,0.649297,0.763629,0.793555,0.633907,0.630299,0.52956,0.540452,0.657054,0.647594,0.700644,0.778852,0.609941,0.579048,0.630742,0.65095,0.669545,0.635289,0.511163,0.550409,0.681406,0.742323,0.658304,0.658017,0.641573,0.648808,0.803043,0.708113,0.684756,0.539314,0.578143,0.593799,0.647801,0.571987,0.625115,0.577301,0.634734,0.544935,0.600284
0.538566,0.556835,0.616853,0.661393,0.787949,0.675702,0.623255,0.588036,0.667304,0.754626,0.793977,0.587061,0.63678,0.499876,0.531918,0.567384,0.613962,0.701254,0.788195,0.590656,0.61924,0.583285,0.654927,0.691199,0.684962,0.53827,0.55278,0.685625,0.747179,0.65309,0.635042,0.627656,0.665058,0.831824,0.645942,0.658181,0.514343,0.562287,0.506054,0.569852,0.526702,0.603482,0.568447,0.641964,0.568895,0.653361
0.557212,0.499072,0.625114,0.634755,0.750999,0.678158,0.552792,0.510687,0.660737,0.749989,0.776061,0.632836,0.553002,0.486798,0.495253,0.616291,0.569818,0.601318,0.772665,0.564174,0.544296,0.538523,0.574012,0.666418,0.670611,0.523813,0.537374,0.702007,0.73171,0.638726,0.672185,0.646566,0.664361,0.855077,0.685376,0.659431,0.512693,0.521717,0.522694,0.575687,0.546892,0.596185,0.588033,0.651249,0.656056,0.658268
0.564583,0.546077,0.576999,0.66388,0.782011,0.71135,0.640971,0.612338,0.734397,0.742491,0.817794,0.675095,0.671644,0.521761,0.550054,0.596207,0.556866,0.64527,0.764594,0.590189,0.588183,0.615876,0.70093,0.692875,0.668971,0.540067,0.546258,0.682069,0.733456,0.674971,0.656883,0.612072,0.662063,0.845542,0.737367,0.76537,0.492859,0.550356,0.514254,0.600645,0.560445,0.597892,0.572212,0.622208,0.66845,0.646088
0.539646,0.524087,0.626411,0.650028,0.775654,0.718705,0.722997,0.524401,0.582512,0.76443,0.795243,0.645015,0.680702,0.492469,0.499074,0.546117,0.57079,0.684703,0.754019,0.62063,0.62418,0.60668,0.628372,0.706246,0.697852,0.485113,0.526723,0.657955,0.732244,0.663451,0.667919,0.584014,0.632171,0.822416,0.68917,0.696262,0.492543,0.54928,0.503388,0.595356,0.48905,0.559277,0.597066,0.66812,0.575719,0.587183
0.486302,0.53866,0.558252,0.69267,0.773709,0.654238,0.624968,0.582438,0.676258,0.737755,0.79835,0.61485,0.647171,0.496938,0.538047,0.535928,0.6262,0.763352,0.769773,0.577427,0.584114,0.536118,0.617075,0.667452,0.679096,0.502465,0.506772,0.67996,0.76485,0.701894,0.62893,0.600436,0.622802,0.825419,0.705412,0.661512,0.493475,0.543544,0.465587,0.599913,0.521564,0.562514,0.569607,0.618673,0.622557,0.68008
0.49064,0.508998,0.584874,0.644443,0.753025,0.672905,0.6593,0.578247,0.685511,0.752728,0.789987,0.646849,0.62875,0.504137,0.554619,0.592877,0.557544,0.662087,0.767017,0.533449,0.548173,0.57937,0.681594,0.644619,0.674783,0.529319,0.522021,0.668978,0.750298,0.659212,0.633157,0.636127,0.647578,0.825432,0.659766,0.687484,0.519141,0.554856,0.494479,0.57819,0.530684,0.587867,0.542401,0.604056,0.686578,0.595207
0.541671,0.509404,0.609261,0.636831,0.762598,0.681465,0.650417,0.609006,0.662326,0.765085,0.815522,0.65991,0.681475,0.5146,0.543555,0.600442,0.576341,0.606273,0.786987,0.574716,0.562235,0.622951,0.562279,0.619926,0.633732,0.52368,0.544299,0.661258,0.74808,0.648611,0.676696,0.615216,0.669821,0.841728,0.744157,0.725301,0.519781,0.561363,0.557225,0.567852,0.541613,0.592609,0.579262,0.652565,0.62053,0.588354
0.518975,0.485709,0.615862,0.650593,0.758474,0.597669,0.617217,0.60031,0.650831,0.757577,0.778588,0.628621,0.595395,0.491518,0.529102,0.596833,0.563022,0.62847,0.772861,0.588657,0.562109,0.531092,0.635441,0.63887,0.63103,0.534442,0.568979,0.68348,0.76792,0.677965,0.672071,0.622843,0.689947,0.817697,0.755721,0.745662,0.513706,0.555253,0.491184,0.594299,0.5292,0.599205,0.571785,0.642674,0.576104,0.65263
0.523127,0.509549,0.600778,0.635914,0.765107,0.698979,0.664108,0.529414,0.60467,0.76281,0.803654,0.638485,0.667864,0.49115,0.518757,0.587334,0.501565,0.615066,0.739519,0.590072,0.61595,0.575913,0.597038,0.651252,0.682229,0.538214,0.526656,0.65774,0.711288,0.583569,0.571414,0.55848,0.571786,0.821167,0.707144,0.731563,0.515164,0.531345,0.545289,0.576527,0.503171,0.541082,0.499817,0.53156,0.530336,0.569688
0.527076,0.512292,0.621813,0.664047,0.758981,0.709922,0.647671,0.571977,0.557389,0.77872,0.818704,0.682571,0.673206,0.502466,0.530147,0.632716,0.586218,0.676695,0.78287,0.598429,0.599136,0.592206,0.584277,0.673967,0.650659,0.487362,0.488925,0.709681,0.763103,0.657426,0.64716,0.620776,0.620124,0.828915,0.705773,0.689828,0.495905,0.529536,0.525366,0.584348,0.519289,0.582215,0.570981,0.627546,0.53883,0.591885
0.571171,0.535385,0.583249,0.647573,0.817576,0.718238,0.642558,0.647721,0.747799,0.724776,0.788616,0.609,0.608235,0.484249,0.535817,0.677675,0.54457,0.608662,0.795746,0.566635,0.562668,0.522515,0.625998,0.647285,0.652953,0.571139,0.60083,0.684466,0.781149,0.727756,0.7299,0.678863,0.712341,0.829778,0.736623,0.750801,0.569913,0.615463,0.565757,0.587656,0.575052,0.611252,0.578749,0.634197,0.51161,0.617248
0.536616,0.525973,0.604633,0.623662,0.768412,0.600335,0.577182,0.552434,0.577096,0.729125,0.754291,0.554378,0.623553,0.484756,0.506632,0.579087,0.524372,0.616873,0.758374,0.582813,0.565786,0.572019,0.570214,0.652758,0.629738,0.525488,0.537071,0.686665,0.720428,0.662523,0.695772,0.619019,0.655831,0.835283,0.65109,0.658801,0.495006,0.539787,0.546396,0.564618,0.540303,0.587193,0.579074,0.641353,0.519509,0.593993
0.530331,0.49988,0.627775,0.659223,0.786355,0.738036,0.704591,0.594206,0.694359,0.768919,0.823623,0.617914,0.645941,0.518786,0.543715,0.628832,0.580646,0.665076,0.768021,0.588308,0.574984,0.54522,0.6089,0.665771,0.665159,0.506855,0.516507,0.67624,0.759254,0.674548,0.630665,0.6171,0.6894,0.835057,0.74344,0.707286,0.510386,0.561455,0.510235,0.627226,0.553541,0.587101,0.595752,0.640323,0.661389,0.641655
0.535787,0.537387,0.660606,0.693431,0.799751,0.723163,0.674476,0.618614,0.692792,0.794254,0.840721,0.539422,0.665953,0.540372,0.559678,0.615649,0.571722,0.658731,0.790573,0.609768,0.598364,0.572395,0.615706,0.6955,0.704653,0.563296,0.577715,0.709243,0.755262,0.693298,0.650426,0.739278,0.75535,0.84613,0.710914,0.73375,0.534059,0.594015,0.56894,0.618223,0.593634,0.633575,0.594308,0.655934,0.656981,0.592303
0.526213,0.50246,0.638325,0.672733,0.748005,0.641009,0.580604,0.566835,0.670217,0.804689,0.830004,0.608262,0.635971,0.49015,0.539519,0.539031,0.603671,0.641804,0.748397,0.581061,0.578982,0.586641,0.665621,0.630868,0.662122,0.477366,0.497513,0.703229,0.759529,0.616712,0.600879,0.598217,0.598753,0.779707,0.72995,0.728698,0.501651,0.532933,0.572666,0.644087,0.526316,0.57794,0.550342,0.603764,0.53465,0.566728
0.520473,0.524465,0.614089,0.664143,0.766282,0.697322,0.64994,0.578724,0.632655,0.782995,0.815244,0.583737,0.598788,0.518568,0.551839,0.595914,0.61203,0.7062,0.749061,0.588081,0.563654,0.585032,0.618355,0.665574,0.675631,0.484056,0.50555,0.671693,0.728633,0.654702,0.668423,0.594858,0.646382,0.809874,0.671695,0.686996,0.513655,0.559429,0.564914,0.623876,0.51643,0.590441,0.553805,0.60069,0.611136,0.644435
0.509703,0.528679,0.610939,0.650009,0.754413,0.663885,0.618454,0.551932,0.648924,0.763976,0.810223,0.537931,0.553881,0.504431,0.537448,0.632195,0.582443,0.70089,0.749911,0.563763,0.546984,0.638358,0.65986,0.672024,0.659141,0.519575,0.524999,0.707196,0.762066,0.645073,0.599951,0.619892,0.654823,0.808592,0.738644,0.691686,0.52414,0.57503,0.476781,0.602152,0.539409,0.630928,0.52596,0.605526,0.543487,0.63323
0.576532,0.541844,0.686195,0.700686,0.787509,0.693301,0.654163,0.581001,0.662838,0.804025,0.836876,0.598858,0.638241,0.531666,0.544522,0.656569,0.590453,0.661648,0.799064,0.627039,0.62004,0.635611,0.705979,0.667277,0.699581,0.552559,0.551358,0.733201,0.796648,0.67936,0.666983,0.630108,0.686272,0.829105,0.72121,0.70998,0.558048,0.558919,0.600959,0.609525,0.549942,0.596962,0.5588,0.669328,0.668314,0.728551
0.473892,0.466854,0.594042,0.611086,0.741587,0.65281,0.644711,0.567899,0.595241,0.746278,0.778442,0.61696,0.583038,0.520059,0.532483,0.551901,0.573151,0.635734,0.737134,0.595722,0.562692,0.614138,0.662857,0.647746,0.649143,0.501728,0.520728,0.683311,0.736402,0.648088,0.677315,0.627841,0.590214,0.815471,0.694614,0.692093,0.487592,0.515367,0.53156,0.517904,0.527873,0.575219,0.571808,0.590453,0.586442,0.599198
0.508265,0.503425,0.603833,0.651407,0.773575,0.66649,0.606071,0.539273,0.603358,0.731435,0.805036,0.602976,0.586616,0.474656,0.497248,0.577295,0.607366,0.708392,0.782826,0.604554,0.595706,0.443831,0.546643,0.655087,0.667762,0.493507,0.519579,0.69611,0.746807,0.662958,0.631709,0.597828,0.620286,0.811604,0.719594,0.723341,0.524717,0.537529,0.556638,0.658976,0.509588,0.561103,0.513099,0.59063,0.588041,0.649766
0.522311,0.497789,0.597052,0.613341,0.717543,0.678624,0.61373,0.535584,0.575466,0.73948,0.777105,0.590876,0.671753,0.498329,0.523071,0.607191,0.571779,0.666551,0.734252,0.601047,0.572101,0.579863,0.590208,0.665158,0.641965,0.489606,0.512896,0.66031,0.724844,0.62956,0.616508,0.590051,0.609857,0.767593,0.732793,0.708463,0.48683,0.511694,0.544523,0.598384,0.490407,0.534061,0.512336,0.599615,0.539804,0.637536
0.53085,0.522189,0.611941,0.692621,0.78365,0.705815,0.657625,0.645643,0.691729,0.787089,0.824812,0.615349,0.641481,0.523772,0.561361,0.625198,0.612195,0.704237,0.788606,0.620576,0.60914,0.620022,0.672031,0.676995,0.66037,0.528211,0.534535,0.681211,0.760403,0.715542,0.697887,0.642797,0.67762,0.820048,0.715048,0.731434,0.516142,0.589007,0.559024,0.676377,0.54599,0.608266,0.595241,0.669766,0.635392,0.661064
0.509404,0.505634,0.618113,0.648294,0.772302,0.731423,0.659964,0.528956,0.602993,0.76084,0.781826,0.58531,0.621222,0.490386,0.5294,0.416962,0.553665,0.604742,0.80384,0.595857,0.589501,0.549383,0.641137,0.64226,0.64737,0.530921,0.530254,0.6821,0.760579,0.661002,0.653835,0.641698,0.681128,0.858491,0.681085,0.68035,0.558944,0.59276,0.488738,0.620276,0.562043,0.620339,0.528073,0.585655,0.5743,0.644332
0.510583,0.515953,0.628848,0.65808,0.776692,0.703754,0.681049,0.646283,0.739001,0.796221,0.824277,0.64558,0.67858,0.503909,0.535188,0.691644,0.568284,0.660989,0.796295,0.623368,0.644544,0.527062,0.657928,0.676738,0.709567,0.532288,0.572535,0.714772,0.763668,0.721617,0.737862,0.632523,0.69982,0.850857,0.768503,0.716583,0.498428,0.560442,0.579569,0.60596,0.533421,0.6017,0.593488,0.673154,0.634538,0.672047
0.513781,0.513232,0.61299,0.630041,0.767328,0.699104,0.635706,0.552098,0.628806,0.762702,0.808725,0.593349,0.536793,0.51632,0.521458,0.573032,0.604388,0.667787,0.777367,0.617537,0.587693,0.637972,0.627686,0.66148,0.66822,0.512339,0.500088,0.684801,0.738917,0.687052,0.681871,0.61242,0.646799,0.814078,0.679784,0.686394,0.516035,0.526522,0.502717,0.564259,0.519351,0.560677,0.566021,0.65218,0.556867,0.637877
0.530828,0.526003,0.586298,0.651982,0.772352,0.687712,0.679586,0.604429,0.679843,0.756669,0.7739,0.632059,0.615921,0.48611,0.518296,0.610604,0.637048,0.722186,0.781559,0.609617,0.584525,0.550771,0.573146,0.680829,0.682223,0.519316,0.532366,0.651608,0.747115,0.691627,0.666403,0.595581,0.664271,0.813983,0.708687,0.691284,0.520435,0.553701,0.498474,0.600785,0.525519,0.5966,0.602462,0.673974,0.632164,0.653413
0.5804,0.570668,0.652379,0.656123,0.786828,0.762406,0.70485,0.559231,0.626315,0.767565,0.803456,0.573341,0.603587,0.538879,0.551788,0.640322,0.566709,0.636076,0.777558,0.588004,0.563501,0.599457,0.669345,0.672696,0.653276,0.515992,0.537921,0.710735,0.757175,0.707383,0.687772,0.654501,0.686132,0.843601,0.675048,0.695919,0.532754,0.592938,0.586276,0.683361,0.540831,0.607335,0.58046,0.61784,0.64235,0.670237
0.514438,0.495279,0.586462,0.67864,0.756657,0.627011,0.588551,0.557291,0.588044,0.728872,0.797408,0.560983,0.540833,0.490428,0.558164,0.507051,0.539755,0.638201,0.753523,0.567256,0.564297,0.588956,0.67479,0.622709,0.64406,0.504036,0.508164,0.64932,0.731518,0.661576,0.663214,0.588219,0.644582,0.798992,0.687156,0.655899,0.468848,0.510728,0.538666,0.571418,0.508067,0.575074,0.557242,0.61873,0.583463,0.62989
0.502008,0.488859,0.609333,0.638927,0.755589,0.682831,0.613477,0.610795,0.697052,0.771945,0.809893,0.620043,0.595498,0.509839,0.539117,0.609309,0.554627,0.611408,0.736847,0.616372,0.621318,0.556705,0.671531,0.684589,0.718131,0.50803,0.518129,0.67941,0.754652,0.668468,0.645291,0.592252,0.632075,0.797991,0.726052,0.76028,0.512013,0.561737,0.554841,0.639157,0.5259,0.568003,0.525141,0.575434,0.664526,0.68208
0.530996,0.493207,0.648256,0.668843,0.801592,0.697053,0.648458,0.572412,0.67375,0.759028,0.816432,0.61256,0.649765,0.504817,0.543927,0.641493,0.606162,0.689112,0.771209,0.58698,0.558486,0.617174,0.628577,0.650689,0.641791,0.534881,0.559736,0.669438,0.753084,0.689066,0.689368,0.62422,0.654122,0.836859,0.708669,0.731147,0.503256,0.554621,0.534831,0.595632,0.549387,0.589245,0.566292,0.632189,0.604691,0.621792
0.553151,0.53461,0.621084,0.679574,0.764706,0.719714,0.653688,0.602197,0.65867,0.768928,0.821614,0.701486,0.668825,0.53256,0.560565,0.564069,0.526836,0.641061,0.760247,0.616595,0.558475,0.625899,0.69134,0.664932,0.679784,0.539486,0.538005,0.70058,0.745376,0.66878,0.625159,0.615097,0.641797,0.817522,0.698514,0.705405,0.508494,0.533987,0.538195,0.616739,0.52701,0.59036,0.548629,0.602974,0.537931,0.582609
0.464952,0.458501,0.584,0.625981,0.715937,0.662473,0.6261,0.516955,0.641954,0.754572,0.769547,0.538049,0.596301,0.496554,0.503004,0.615629,0.55971,0.651975,0.72214,0.564282,0.562113,0.595828,0.566508,0.648725,0.659527,0.51416,0.519079,0.638317,0.726028,0.630782,0.589739,0.57175,0.624359,0.762794,0.710584,0.69732,0.493665,0.51532,0.524885,0.560816,0.518871,0.564922,0.547124,0.611701,0.530005,0.559102
0.445995,0.445641,0.570684,0.600404,0.601404,0.615508,0.569661,0.451731,0.543693,0.710355,0.76038,0.581483,0.581238,0.465852,0.479033,0.457252,0.552469,0.622921,0.706709,0.535553,0.52903,0.576663,0.582499,0.653385,0.644669,0.480689,0.468192,0.655208,0.728323,0.593187,0.61673,0.60342,0.665472,0.787066,0.644082,0.643659,0.459411,0.487843,0.514458,0.550913,0.514468,0.55517,0.522743,0.584496,0.54315,0.548173
0.473725,0.484279,0.599914,0.659,0.742673,0.638478,0.618562,0.569964,0.640664,0.736364,0.817079,0.624762,0.652875,0.50112,0.556873,0.624482,0.575763,0.701881,0.765125,0.604446,0.634262,0.60578,0.625284,0.643121,0.692673,0.530176,0.540353,0.668548,0.765337,0.646224,0.670604,0.610304,0.676206,0.825959,0.747881,0.769295,0.523049,0.563058,0.507422,0.559389,0.510156,0.58668,0.550854,0.656938,0.620882,0.605567
0.514843,0.519111,0.62269,0.651939,0.721637,0.691758,0.632103,0.588909,0.610591,0.77302,0.788706,0.61852,0.593354,0.493734,0.522946,0.533324,0.576402,0.66102,0.784017,0.58978,0.564965,0.588884,0.630322,0.676501,0.673119,0.507253,0.531808,0.685936,0.759202,0.720188,0.701728,0.628354,0.649596,0.833944,0.728948,0.72156,0.515782,0.556573,0.543436,0.592332,0.489292,0.527293,0.574554,0.62698,0.542315,0.626377
0.53713,0.472608,0.619906,0.640298,0.774367,0.716525,0.702472,0.569194,0.670196,0.761158,0.78803,0.636475,0.645663,0.497877,0.541963,0.627166,0.548263,0.647566,0.755014,0.567527,0.554641,0.621579,0.683849,0.683633,0.654911,0.492911,0.516253,0.696978,0.756115,0.686045,0.687093,0.625003,0.629154,0.803875,0.695747,0.704996,0.493805,0.521228,0.539974,0.61388,0.514391,0.559934,0.564276,0.632791,0.599283,0.575372
0.510651,0.494024,0.589845,0.658724,0.742062,0.662309,0.588101,0.61998,0.626653,0.72732,0.795025,0.616696,0.612759,0.491226,0.543408,0.618133,0.555699,0.652666,0.750683,0.605241,0.609071,0.553886,0.635262,0.676294,0.686986,0.522136,0.538846,0.687718,0.76685,0.687993,0.661947,0.612587,0.668357,0.82864,0.717408,0.681664,0.511887,0.526772,0.489513,0.556815,0.533203,0.594801,0.556416,0.623922,0.580352,0.596943
0.499412,0.457002,0.547401,0.579146,0.693551,0.577553,0.533531,0.49315,0.575174,0.734144,0.795227,0.513364,0.579305,0.454407,0.513042,0.582388,0.535683,0.645601,0.684253,0.554293,0.53371,0.563488,0.564294,0.620401,0.646324,0.470078,0.477345,0.668989,0.744555,0.610243,0.64293,0.588498,0.667144,0.787415,0.712119,0.699348,0.511676,0.549886,0.489802,0.590992,0.458703,0.495715,0.497526,0.585801,0.547197,0.542507
0.411724,0.429028,0.49785,0.596707,0.643225,0.593855,0.511397,0.492069,0.480907,0.675146,0.734768,0.398174,0.448618,0.432486,0.462414,0.421867,0.521766,0.622846,0.667297,0.446855,0.448548,0.578012,0.587333,0.480665,0.508238,0.436059,0.433681,0.65535,0.724677,0.550439,0.572177,0.581243,0.574453,0.77535,0.517931,0.626268,0.461525,0.480213,0.44753,0.507798,0.451213,0.495787,0.534391,0.521434,0.372255,0.452188
0.49539,0.490179,0.618816,0.637603,0.742175,0.692263,0.658825,0.514714,0.541777,0.77402,0.800272,0.586737,0.567179,0.49639,0.518304,0.635303,0.507889,0.579923,0.746465,0.65187,0.603423,0.588041,0.65082,0.688381,0.672365,0.551137,0.521406,0.721325,0.761765,0.635808,0.598443,0.61536,0.605477,0.816056,0.68129,0.685808,0.532315,0.555544,0.600764,0.638103,0.543821,0.552424,0.51556,0.579229,0.594103,0.564929
0.527481,0.528044,0.60468,0.666529,0.775586,0.739716,0.698712,0.543378,0.60924,0.787766,0.799947,0.665603,0.669107,0.507793,0.535523,0.597462,0.559697,0.679981,0.788285,0.634923,0.595764,0.570907,0.591457,0.67071,0.657938,0.532631,0.533402,0.686758,0.748512,0.679415,0.669072,0.642328,0.669726,0.811724,0.759738,0.757641,0.509804,0.537606,0.519423,0.626511,0.533304,0.595859,0.584972,0.624437,0.521492,0.616282
0.498148,0.48587,0.609872,0.647919,0.741996,0.666826,0.607342,0.533513,0.617587,0.751763,0.795188,0.588581,0.62506,0.531387,0.568974,0.613951,0.57113,0.634316,0.741159,0.572135,0.537131,0.567157,0.64598,0.623824,0.649092,0.521529,0.519411,0.682559,0.750501,0.662462,0.651743,0.623977,0.676893,0.772533,0.654651,0.689362,0.501037,0.541081,0.590387,0.638668,0.517368,0.563545,0.557805,0.597104,0.54849,0.569595
0.559198,0.524561,0.621451,0.616648,0.748116,0.684165,0.627495,0.518329,0.599214,0.757031,0.775874,0.621616,0.677081,0.497111,0.516864,0.621702,0.620588,0.684241,0.741714,0.563844,0.559028,0.619838,0.548602,0.661178,0.648386,0.521252,0.560417,0.680245,0.739698,0.654859,0.650438,0.571929,0.640366,0.843566,0.720101,0.729547,0.526903,0.561679,0.528191,0.613985,0.49874,0.548323,0.540816,0.593678,0.509816,0.535112
0.510189,0.488648,0.614778,0.636981,0.746275,0.634001,0.593457,0.518559,0.495078,0.749636,0.794818,0.693839,0.714051,0.500014,0.496249,0.552495,0.559006,0.633906,0.76091,0.579264,0.577301,0.559029,0.613009,0.647014,0.671462,0.486144,0.507532,0.658783,0.716008,0.595394,0.59727,0.567428,0.600884,0.835123,0.705826,0.686539,0.478101,0.525477,0.506985,0.587283,0.516631,0.561031,0.515227,0.543088,0.589868,0.543899
0.515682,0.485802,0.634155,0.67522,0.76492,0.640902,0.615967,0.60498,0.648337,0.802838,0.823415,0.647457,0.636844,0.491027,0.519862,0.625365,0.60884,0.650237,0.772762,0.613592,0.588694,0.608101,0.6554,0.671007,0.673505,0.509331,0.537495,0.702684,0.768839,0.676993,0.644699,0.598062,0.61722,0.804379,0.774499,0.755377,0.499731,0.550805,0.560698,0.639828,0.505939,0.565941,0.500456,0.630348,0.583103,0.643816
0.504744,0.500345,0.605971,0.638574,0.748372,0.637133,0.564455,0.572938,0.676344,0.760434,0.786731,0.589233,0.56474,0.511148,0.523243,0.608355,0.587418,0.688416,0.757047,0.623653,0.58496,0.564247,0.567454,0.7137,0.676039,0.516705,0.532058,0.655396,0.730906,0.650425,0.673136,0.61454,0.667501,0.783444,0.715975,0.706688,0.484968,0.52373,0.511316,0.630223,0.523563,0.584786,0.560549,0.619428,0.596911,0.664668
0.517905,0.485656,0.588315,0.615894,0.753124,0.673362,0.602836,0.523331,0.58262,0.71724,0.775098,0.572967,0.536954,0.502223,0.515896,0.572,0.577727,0.652388,0.768285,0.570968,0.557775,0.52364,0.550114,0.64035,0.617796,0.521027,0.547568,0.639104,0.706201,0.704421,0.704517,0.599136,0.618347,0.812741,0.731508,0.730631,0.511774,0.531573,0.532515,0.58021,0.522712,0.564308,0.541295,0.642152,0.698191,0.666075
0.500191,0.498731,0.585391,0.601768,0.73126,0.64945,0.544913,0.533898,0.638758,0.744112,0.765644,0.561364,0.665778,0.513179,0.559969,0.562123,0.607808,0.693314,0.75401,0.588187,0.561341,0.582728,0.735895,0.621973,0.628399,0.516924,0.52321,0.669992,0.735059,0.652002,0.635888,0.643995,0.650451,0.796367,0.693958,0.677724,0.533144,0.553176,0.533576,0.536904,0.516031,0.538433,0.586311,0.573685,0.488573,0.55052
0.504883,0.516524,0.606236,0.649236,0.760808,0.678998,0.631505,0.60503,0.619984,0.738969,0.798307,0.614479,0.5761,0.503019,0.522433,0.61562,0.598874,0.657991,0.763656,0.572484,0.551961,0.603867,0.658593,0.648451,0.684871,0.500488,0.500913,0.68839,0.739847,0.670777,0.632565,0.610466,0.65003,0.804305,0.760195,0.741038,0.503143,0.547134,0.548746,0.598363,0.500735,0.614002,0.551164,0.611118,0.525954,0.573989
0.510649,0.500206,0.597227,0.640551,0.750259,0.66699,0.628262,0.589567,0.620702,0.700334,0.762343,0.598834,0.676192,0.494833,0.533929,0.615442,0.543353,0.609427,0.736818,0.580732,0.582133,0.67634,0.66348,0.688503,0.640805,0.483884,0.510235,0.643738,0.70567,0.633399,0.616723,0.584415,0.560683,0.754245,0.684294,0.692253,0.498208,0.542709,0.546247,0.609011,0.504962,0.550961,0.522771,0.586953,0.617321,0.611374
0.526847,0.576755,0.652462,0.671295,0.757903,0.699652,0.647929,0.561232,0.639268,0.778791,0.807989,0.622975,0.601737,0.524346,0.539447,0.578733,0.541141,0.648272,0.819812,0.611627,0.58906,0.612091,0.655855,0.691626,0.706269,0.560259,0.548564,0.721618,0.784991,0.725338,0.665678,0.665544,0.650062,0.851805,0.706587,0.735025,0.560325,0.574704,0.550138,0.606648,0.566506,0.627542,0.609029,0.641479,0.629439,0.721341
0.496895,0.457018,0.589857,0.620954,0.776733,0.672119,0.637007,0.519316,0.600383,0.767918,0.8113,0.626481,0.55389,0.503305,0.509545,0.588658,0.520304,0.578743,0.757337,0.546809,0.542246,0.597282,0.659101,0.648625,0.662727,0.494569,0.529547,0.693514,0.738549,0.642772,0.619517,0.612484,0.649054,0.824916,0.671384,0.660192,0.505805,0.503504,0.525023,0.573269,0.501959,0.534596,0.535545,0.585682,0.535899,0.644534
0.47689,0.481822,0.604989,0.688088,0.761416,0.667525,0.614607,0.60444,0.676579,0.737923,0.822558,0.571087,0.592539,0.476774,0.529925,0.531306,0.558904,0.665942,0.78766,0.599157,0.61786,0.47898,0.622005,0.705757,0.721151,0.517205,0.54411,0.647095,0.768885,0.677756,0.675222,0.630546,0.672221,0.837448,0.718475,0.708749,0.496709,0.562928,0.485033,0.618234,0.507585,0.611004,0.51835,0.632259,0.579973,0.615292
0.52016,0.52972,0.628471,0.670218,0.78583,0.648386,0.635229,0.553318,0.629048,0.767972,0.805216,0.558332,0.603398,0.516406,0.539886,0.690603,0.571775,0.682158,0.81426,0.604026,0.595639,0.522379,0.625462,0.681079,0.671309,0.528975,0.555526,0.709016,0.777895,0.685976,0.67378,0.661119,0.672567,0.8308,0.70091,0.693961,0.49071,0.554504,0.526053,0.593136,0.531518,0.613879,0.576947,0.62088,0.612582,0.598057
0.526718,0.501032,0.626423,0.658718,0.753371,0.679058,0.604062,0.522175,0.606377,0.749567,0.799687,0.661756,0.657984,0.52659,0.56007,0.598834,0.56808,0.625964,0.767222,0.598011,0.598071,0.601064,0.643016,0.703706,0.668312,0.493294,0.501376,0.709903,0.771519,0.659457,0.670344,0.597526,0.662271,0.816573,0.770964,0.759742,0.509158,0.544427,0.520256,0.575319,0.547875,0.607352,0.563788,0.656792,0.581791,0.575052
0.518697,0.498147,0.602388,0.647392,0.779078,0.706099,0.662728,0.608766,0.651182,0.733096,0.79581,0.598289,0.583115,0.523942,0.557835,0.705444,0.635228,0.705394,0.75518,0.605339,0.565356,0.635277,0.636709,0.679384,0.669335,0.537298,0.532552,0.651829,0.740495,0.647844,0.635909,0.62692,0.659469,0.82281,0.727131,0.697329,0.536876,0.610934,0.599276,0.683281,0.572773,0.637469,0.57772,0.64737,0.564509,0.617597
0.495098,0.480464,0.604821,0.663464,0.733135,0.665644,0.637821,0.511725,0.619386,0.739871,0.812533,0.655123,0.575233,0.472457,0.5191,0.598522,0.585598,0.661529,0.735519,0.558401,0.542043,0.591494,0.63154,0.590682,0.608062,0.497059,0.516676,0.621701,0.722976,0.636421,0.617483,0.580074,0.60307,0.789898,0.703808,0.688292,0.487455,0.530945,0.538719,0.627954,0.52389,0.583288,0.519921,0.618445,0.644801,0.615004
0.486357,0.480529,0.605255,0.659662,0.76194,0.706091,0.698564,0.586101,0.609476,0.764653,0.803271,0.623872,0.631133,0.505885,0.53762,0.684139,0.546122,0.690389,0.802907,0.574219,0.564911,0.546503,0.655371,0.668861,0.654687,0.540338,0.566023,0.672177,0.751208,0.720296,0.691114,0.642787,0.63049,0.835513,0.702429,0.659146,0.500145,0.549042,0.543955,0.609839,0.536845,0.579097,0.569857,0.597418,0.554378,0.593754
0.487633,0.454962,0.610274,0.61106,0.732515,0.6946,0.634576,0.488756,0.547246,0.719312,0.778044,0.628002,0.645572,0.484914,0.504001,0.570472,0.509736,0.582761,0.735959,0.584021,0.537118,0.5651,0.662365,0.663748,0.653698,0.486958,0.508391,0.682101,0.74223,0.629864,0.609797,0.564694,0.571988,0.77114,0.657986,0.657914,0.48388,0.524712,0.542589,0.537719,0.51069,0.557287,0.489781,0.548217,0.563021,0.601083
0.487357,0.479258,0.591664,0.606896,0.732902,0.716904,0.659998,0.565098,0.648851,0.743179,0.758439,0.630867,0.620471,0.467088,0.477436,0.61869,0.520361,0.602545,0.728914,0.568903,0.586484,0.59196,0.663056,0.685777,0.673293,0.49491,0.543361,0.656604,0.737689,0.631528,0.6401,0.601626,0.680585,0.805433,0.693147,0.6603,0.493301,0.535448,0.496509,0.527139,0.521084,0.587284,0.538048,0.571799,0.580013,0.64105
0.51068,0.475423,0.6191,0.648368,0.764217,0.731757,0.670946,0.595931,0.671621,0.772609,0.814183,0.629457,0.671503,0.519337,0.56071,0.567831,0.527825,0.649626,0.741343,0.617696,0.621941,0.590169,0.671455,0.639388,0.662883,0.501141,0.513477,0.672874,0.751132,0.618348,0.650924,0.600756,0.653551,0.823816,0.75277,0.751407,0.501144,0.53549,0.508729,0.571285,0.546505,0.588439,0.562026,0.650565,0.567761,0.624241
0.516735,0.482658,0.589869,0.633739,0.749242,0.630719,0.631775,0.5619,0.602062,0.753872,0.787594,0.629171,0.630629,0.490709,0.506436,0.673368,0.580814,0.61204,0.77625,0.607488,0.59697,0.545488,0.575552,0.671066,0.65866,0.50752,0.508987,0.673733,0.715427,0.692563,0.676408,0.60245,0.624745,0.807097,0.728153,0.684368,0.491873,0.517204,0.556859,0.636496,0.529827,0.575838,0.573378,0.580137,0.626733,0.68275
0.530695,0.520456,0.572608,0.600044,0.740765,0.708043,0.634887,0.542283,0.595983,0.718067,0.748658,0.591361,0.584755,0.498471,0.517188,0.565692,0.505263,0.603081,0.778352,0.546048,0.53647,0.618395,0.633128,0.690677,0.701898,0.50242,0.516256,0.679064,0.726538,0.667628,0.664722,0.650149,0.635605,0.795128,0.681931,0.661882,0.513876,0.541152,0.544591,0.606217,0.525127,0.598948,0.552437,0.633457,0.577154,0.627364
0.492432,0.470454,0.623485,0.631325,0.745455,0.690266,0.65463,0.614257,0.674991,0.727842,0.814635,0.632417,0.687647,0.500383,0.549469,0.562354,0.520217,0.653384,0.7284,0.584658,0.589475,0.588402,0.655242,0.668979,0.644767,0.51931,0.519738,0.680812,0.782556,0.696573,0.668522,0.593141,0.673137,0.81732,0.701614,0.726941,0.493393,0.552639,0.535746,0.559891,0.52554,0.592699,0.562016,0.6528,0.568021,0.590614
0.500563,0.514946,0.592741,0.604321,0.749088,0.642941,0.654432,0.532357,0.543606,0.734451,0.771762,0.682986,0.645421,0.46102,0.463412,0.590797,0.589029,0.67484,0.765271,0.576622,0.541217,0.528632,0.635959,0.662604,0.641899,0.491171,0.499484,0.661145,0.748981,0.622991,0.65199,0.600225,0.607494,0.812581,0.659746,0.684121,0.470208,0.500205,0.535836,0.566775,0.463796,0.525718,0.551677,0.589359,0.620735,0.68468
0.496467,0.48869,0.604685,0.647478,0.757901,0.69662,0.624067,0.572726,0.671403,0.796463,0.797418,0.600573,0.66586,0.5105,0.522677,0.565864,0.632652,0.693263,0.773305,0.60308,0.598593,0.600156,0.724108,0.711001,0.672354,0.489517,0.508688,0.675058,0.750408,0.650494,0.66581,0.621551,0.630712,0.799518,0.732373,0.7078,0.504743,0.538793,0.549368,0.611701,0.519944,0.585002,0.543218,0.630326,0.587452,0.661217
0.521683,0.485415,0.564678,0.610953,0.745603,0.651956,0.62406,0.567464,0.635153,0.73452,0.805178,0.616218,0.630671,0.473553,0.538532,0.58227,0.575116,0.665541,0.773066,0.588703,0.619639,0.579464,0.600277,0.683397,0.69603,0.49731,0.541993,0.661887,0.754384,0.678125,0.66911,0.61491,0.702427,0.839326,0.708495,0.691582,0.491965,0.540171,0.494004,0.550243,0.523021,0.570041,0.55339,0.647099,0.561139,0.590436
0.484978,0.478532,0.581332,0.627703,0.72721,0.681257,0.64878,0.529877,0.633717,0.735146,0.783525,0.624705,0.622544,0.46969,0.508284,0.576668,0.609988,0.672441,0.742569,0.569682,0.586881,0.510726,0.616557,0.644441,0.645845,0.476378,0.504596,0.66705,0.740527,0.656634,0.652787,0.606117,0.687654,0.798321,0.713901,0.706692,0.489067,0.539115,0.507861,0.556456,0.524565,0.606428,0.532769,0.651393,0.549676,0.626636
0.542534,0.533729,0.611286,0.650924,0.756115,0.710834,0.651745,0.63152,0.708026,0.787884,0.827031,0.678676,0.657367,0.518179,0.542401,0.571931,0.619403,0.728539,0.79742,0.62294,0.614383,0.629531,0.667267,0.721281,0.686179,0.52358,0.543828,0.726358,0.776111,0.718962,0.663036,0.657399,0.722187,0.862793,0.705926,0.678032,0.527967,0.586215,0.531109,0.656557,0.576874,0.631075,0.617214,0.658829,0.538387,0.587026
0.51826,0.522258,0.612546,0.64158,0.74101,0.611915,0.61085,0.590025,0.632093,0.755002,0.791202,0.608803,0.676771,0.493017,0.519313,0.589824,0.572639,0.641505,0.738657,0.587564,0.570611,0.615524,0.623825,0.65538,0.64883,0.475139,0.489012,0.661679,0.73328,0.624627,0.635831,0.602286,0.624792,0.801631,0.657506,0.631811,0.476027,0.524232,0.512361,0.618019,0.528483,0.556827,0.541099,0.616702,0.640521,0.688272
0.537071,0.541492,0.611052,0.655404,0.767824,0.692851,0.648307,0.57846,0.639905,0.77808,0.788555,0.592084,0.588624,0.513483,0.524958,0.61641,0.553963,0.661791,0.78577,0.644592,0.615332,0.596207,0.648368,0.742974,0.705928,0.557036,0.569635,0.70887,0.761965,0.702938,0.680027,0.61166,0.655387,0.83173,0.680371,0.670932,0.540205,0.567945,0.578985,0.665603,0.550778,0.62519,0.551441,0.631566,0.55852,0.577725
0.45355,0.390883,0.559713,0.550476,0.621102,0.54095,0.553723,0.492741,0.576108,0.655104,0.749993,0.578754,0.575276,0.426431,0.457914,0.314858,0.507252,0.513584,0.654769,0.549324,0.477229,0.445157,0.541083,0.623632,0.630837,0.446574,0.429684,0.624303,0.703947,0.524399,0.505965,0.516483,0.584373,0.699219,0.626726,0.597857,0.474874,0.49748,0.418098,0.505945,0.435554,0.5202,0.461221,0.502906,0.550044,0.418209
0.513881,0.50136,0.577848,0.582578,0.723429,0.675105,0.60419,0.550209,0.617611,0.707942,0.750959,0.643866,0.638391,0.459861,0.491736,0.566835,0.569544,0.653595,0.729447,0.593517,0.603299,0.521217,0.654802,0.664677,0.676992,0.50154,0.533098,0.631371,0.685652,0.653676,0.680687,0.574009,0.625149,0.796033,0.678297,0.682035,0.487771,0.530515,0.592862,0.578651,0.545554,0.602139,0.49808,0.565832,0.45311,0.576023
0.522448,0.502411,0.613551,0.656927,0.752514,0.716752,0.652254,0.492062,0.623132,0.75499,0.810713,0.592791,0.599031,0.486861,0.525365,0.537116,0.494801,0.616721,0.741457,0.578552,0.574016,0.493687,0.639478,0.676376,0.667164,0.516583,0.566026,0.688929,0.760546,0.624048,0.64543,0.599227,0.642589,0.79988,0.685886,0.68879,0.528736,0.573146,0.518372,0.603986,0.519485,0.590509,0.508668,0.585762,0.546452,0.71041
0.549404,0.532575,0.614379,0.642034,0.75903,0.713821,0.702046,0.569739,0.625326,0.764147,0.823207,0.651249,0.679325,0.514272,0.549316,0.634126,0.530558,0.60353,0.730033,0.580627,0.601723,0.592797,0.634839,0.668115,0.678031,0.534943,0.552224,0.686551,0.74308,0.698381,0.663293,0.617407,0.676106,0.829522,0.736776,0.698987,0.52044,0.564538,0.561695,0.596343,0.534121,0.608229,0.545148,0.649948,0.573217,0.632764
0.524244,0.506516,0.618266,0.624656,0.748127,0.673263,0.61444,0.550099,0.689531,0.718305,0.768066,0.591424,0.625139,0.498257,0.520639,0.56264,0.592392,0.703898,0.758353,0.5419,0.562018,0.557019,0.649602,0.649273,0.62534,0.494704,0.518347,0.665189,0.732599,0.670365,0.704412,0.551905,0.654903,0.843203,0.716443,0.728132,0.50002,0.518795,0.539455,0.547322,0.523592,0.568135,0.559647,0.648807,0.520587,0.648242
0.509815,0.493911,0.599622,0.631834,0.725374,0.591385,0.583132,0.499562,0.521843,0.725325,0.774293,0.582914,0.587863,0.510607,0.536328,0.55127,0.57926,0.639398,0.700908,0.563048,0.565407,0.546151,0.611163,0.659015,0.691123,0.489354,0.529599,0.663144,0.739593,0.633348,0.601553,0.621543,0.619832,0.800485,0.676057,0.649314,0.495905,0.529378,0.538474,0.586115,0.500094,0.544758,0.562318,0.605471,0.504742,0.570349
0.54068,0.494479,0.640752,0.663985,0.746644,0.685547,0.671258,0.595731,0.687065,0.76642,0.799829,0.623373,0.629023,0.485189,0.530128,0.553496,0.592123,0.69297,0.779481,0.627373,0.639352,0.500613,0.621208,0.708683,0.699205,0.512604,0.56926,0.691772,0.768463,0.681269,0.642814,0.643417,0.702643,0.83998,0.638743,0.65068,0.484917,0.569895,0.536756,0.622689,0.512879,0.563762,0.576451,0.650349,0.677015,0.578879
0.491658,0.514184,0.588694,0.627692,0.722222,0.691279,0.611346,0.544513,0.544346,0.77499,0.792102,0.671134,0.633425,0.483968,0.532381,0.582993,0.581359,0.664193,0.727933,0.630465,0.587624,0.594113,0.621005,0.668736,0.664492,0.519983,0.523335,0.678476,0.762059,0.690906,0.673812,0.64716,0.63769,0.822367,0.684429,0.679514,0.507615,0.562213,0.524641,0.594677,0.552238,0.574659,0.575956,0.636461,0.559926,0.685757
0.518167,0.502878,0.613084,0.648645,0.737236,0.675593,0.622196,0.579262,0.697863,0.703317,0.783905,0.595437,0.621203,0.492831,0.505766,0.505729,0.575939,0.648564,0.75803,0.58819,0.593062,0.555583,0.58289,0.67473,0.688965,0.539389,0.549485,0.684259,0.745281,0.679887,0.639752,0.676098,0.706746,0.846588,0.612991,0.654176,0.506192,0.557851,0.534866,0.619009,0.510958,0.580585,0.585306,0.665833,0.580468,0.556668
0.548464,0.50525,0.626518,0.638647,0.75724,0.658323,0.609206,0.567828,0.646375,0.739537,0.775613,0.609188,0.601945,0.49648,0.524924,0.502444,0.587566,0.655956,0.783103,0.576031,0.567505,0.575501,0.659379,0.650337,0.654624,0.516052,0.54817,0.672866,0.735031,0.639032,0.673496,0.61775,0.691342,0.848305,0.637595,0.630133,0.509114,0.555465,0.530815,0.567366,0.534721,0.587818,0.513857,0.571792,0.571908,0.596914
0.512216,0.487614,0.589936,0.626189,0.733084,0.645927,0.653596,0.582154,0.671205,0.744056,0.791979,0.671454,0.710558,0.499455,0.521637,0.716091,0.57089,0.635265,0.742166,0.632258,0.617667,0.595859,0.654808,0.672694,0.695139,0.485474,0.511902,0.675129,0.744213,0.692976,0.707507,0.625884,0.678209,0.831011,0.698977,0.694477,0.491783,0.524994,0.485118,0.577121,0.510723,0.548699,0.54613,0.603518,0.583321,0.635745
0.497194,0.471436,0.594993,0.640607,0.717045,0.654422,0.576724,0.541779,0.661067,0.737337,0.787597,0.552042,0.593347,0.495973,0.51591,0.571739,0.574389,0.648058,0.714183,0.579324,0.596261,0.557805,0.56126,0.663927,0.651605,0.486903,0.519265,0.669102,0.732156,0.654039,0.628481,0.612902,0.6609,0.806393,0.741218,0.758687,0.511394,0.526324,0.52205,0.583131,0.510748,0.571064,0.525792,0.586923,0.567382,0.550726
0.481448,0.480588,0.628085,0.6719,0.750584,0.649876,0.589218,0.568246,0.691085,0.743697,0.788779,0.530372,0.588612,0.489947,0.52873,0.558496,0.551094,0.650152,0.743834,0.58828,0.563657,0.57482,0.679967,0.680209,0.65215,0.495969,0.509074,0.651431,0.717542,0.695152,0.674268,0.603109,0.680295,0.811715,0.705633,0.67338,0.49746,0.543279,0.527623,0.631596,0.522932,0.558143,0.554579,0.615208,0.555019,0.573778
0.494451,0.474634,0.563222,0.605894,0.702237,0.652813,0.65064,0.502961,0.579713,0.711557,0.781574,0.568809,0.54945,0.523375,0.544243,0.553631,0.567286,0.641643,0.684349,0.589806,0.565881,0.655808,0.690729,0.621988,0.631843,0.477047,0.496189,0.627835,0.689283,0.646715,0.641825,0.59573,0.634274,0.746003,0.640106,0.646135,0.473244,0.523141,0.520806,0.617048,0.48908,0.571422,0.540105,0.626968,0.540611,0.644274
0.569919,0.543571,0.645017,0.679677,0.755856,0.669996,0.634005,0.549453,0.635379,0.773889,0.801292,0.674816,0.685082,0.484402,0.516315,0.562001,0.568417,0.618372,0.791657,0.610409,0.592497,0.602112,0.597942,0.710633,0.740347,0.515722,0.5541,0.684065,0.752865,0.666261,0.671228,0.633993,0.685995,0.836488,0.718561,0.708317,0.511915,0.54492,0.5383,0.620846,0.528132,0.559358,0.547503,0.597406,0.632934,0.684697
0.521916,0.508519,0.545643,0.595018,0.689733,0.657194,0.616918,0.510521,0.60445,0.719535,0.766039,0.58179,0.564764,0.505178,0.536018,0.594415,0.571669,0.681943,0.697635,0.593376,0.58197,0.542681,0.597114,0.655006,0.663827,0.500991,0.477251,0.643347,0.698726,0.660895,0.650476,0.608344,0.645245,0.789754,0.697369,0.693538,0.492342,0.502203,0.518753,0.631921,0.517772,0.564591,0.566942,0.616722,0.567252,0.578431
0.537071,0.551461,0.619972,0.643559,0.781134,0.758255,0.701589,0.591741,0.730619,0.807632,0.849845,0.742183,0.728346,0.524061,0.538655,0.583045,0.574667,0.692727,0.762216,0.618347,0.676053,0.536837,0.623952,0.651726,0.709069,0.542293,0.564436,0.681315,0.757594,0.688991,0.668243,0.643929,0.680679,0.840339,0.728011,0.75141,0.517395,0.563161,0.510282,0.595508,0.554311,0.621872,0.593354,0.632682,0.594834,0.633104
0.513428,0.486689,0.607239,0.632514,0.727228,0.652982,0.621817,0.534917,0.560456,0.746288,0.787642,0.65111,0.646095,0.488396,0.523307,0.554932,0.629081,0.665081,0.758132,0.60422,0.592612,0.57135,0.526397,0.628437,0.633596,0.480257,0.504809,0.67829,0.728974,0.672298,0.66833,0.61356,0.630399,0.819295,0.658855,0.669305,0.501625,0.529068,0.529703,0.548855,0.488744,0.548202,0.574081,0.620967,0.58131,0.610437
0.554,0.567125,0.627526,0.655303,0.793673,0.715198,0.691024,0.627763,0.608768,0.818348,0.830545,0.675106,0.672441,0.520708,0.540762,0.587519,0.645266,0.700404,0.804824,0.640044,0.631323,0.65607,0.640369,0.688132,0.696063,0.566986,0.581686,0.720558,0.790047,0.703176,0.707019,0.649328,0.687016,0.862515,0.729041,0.768709,0.53977,0.603555,0.554026,0.601403,0.582746,0.629821,0.600857,0.665694,0.581465,0.690043
0.514456,0.507067,0.614813,0.662634,0.770615,0.649209,0.669119,0.534852,0.631733,0.753081,0.805987,0.642203,0.630324,0.502453,0.530492,0.614998,0.613941,0.689044,0.791257,0.608103,0.592113,0.505367,0.621327,0.627701,0.635211,0.564972,0.569278,0.701547,0.768906,0.687156,0.691777,0.651443,0.678486,0.838356,0.694344,0.701133,0.493377,0.53937,0.49087,0.589779,0.524548,0.606108,0.577206,0.604349,0.669977,0.689167
0.530708,0.530065,0.622446,0.657786,0.752331,0.638255,0.579602,0.523191,0.599473,0.722976,0.765301,0.534915,0.5475,0.523779,0.533062,0.587599,0.622301,0.659487,0.750082,0.586936,0.573741,0.637004,0.625974,0.654774,0.649273,0.515547,0.519586,0.663593,0.733179,0.688269,0.639703,0.620844,0.633099,0.809661,0.70003,0.674969,0.509526,0.544998,0.486707,0.595994,0.492647,0.562856,0.550627,0.647369,0.541683,0.683905
0.537904,0.496263,0.645591,0.645973,0.753526,0.674573,0.663941,0.509969,0.602922,0.774179,0.816366,0.681624,0.683389,0.507689,0.519275,0.604247,0.623097,0.698754,0.758593,0.613302,0.638599,0.648236,0.653903,0.699363,0.670979,0.504594,0.53735,0.701284,0.763965,0.699727,0.737045,0.622005,0.692499,0.838844,0.729351,0.741943,0.517252,0.557147,0.567321,0.591716,0.539552,0.623135,0.575643,0.66489,0.52064,0.585478
0.509855,0.502151,0.635383,0.628087,0.78471,0.640437,0.600184,0.489173,0.544965,0.759283,0.821519,0.655768,0.628422,0.481621,0.513314,0.652578,0.546938,0.680222,0.765723,0.555567,0.565065,0.558614,0.616131,0.671778,0.67535,0.529077,0.519426,0.69163,0.770727,0.643921,0.667847,0.579141,0.617254,0.811785,0.729417,0.666868,0.561063,0.57759,0.541392,0.577993,0.55307,0.589139,0.518194,0.603215,0.599574,0.657958
0.570867,0.571077,0.617933,0.629932,0.767492,0.731131,0.67502,0.607629,0.703061,0.751984,0.8194,0.704072,0.649539,0.53567,0.586429,0.553472,0.524794,0.685713,0.830382,0.61936,0.640045,0.62387,0.676371,0.650461,0.690802,0.585917,0.59369,0.697217,0.75179,0.746975,0.735102,0.633394,0.73893,0.850102,0.748141,0.701455,0.544011,0.528982,0.551276,0.55643,0.56768,0.619573,0.636529,0.710799,0.649992,0.649284
0.478984,0.455726,0.593744,0.633356,0.746334,0.598647,0.590925,0.504631,0.631917,0.711607,0.779379,0.623421,0.605855,0.491084,0.531772,0.581524,0.506428,0.584078,0.729607,0.525768,0.527159,0.612532,0.61719,0.591007,0.624872,0.47053,0.494308,0.635831,0.70997,0.624006,0.625861,0.584496,0.63053,0.82034,0.641579,0.673716,0.473437,0.523967,0.549493,0.570598,0.487843,0.544967,0.538765,0.626786,0.621011,0.60846
0.50834,0.479633,0.590897,0.628818,0.742982,0.669768,0.630591,0.512071,0.583464,0.731998,0.780866,0.557912,0.563982,0.489249,0.520913,0.538065,0.502868,0.576114,0.766801,0.569148,0.558179,0.577605,0.592045,0.661574,0.623611,0.55527,0.542468,0.670643,0.744144,0.713115,0.642134,0.620723,0.65312,0.857273,0.632321,0.64069,0.518049,0.499644,0.508357,0.537413,0.524256,0.583731,0.565789,0.626031,0.63718,0.62033
0.513181,0.47662,0.592485,0.589725,0.717602,0.656482,0.621504,0.532524,0.543023,0.752613,0.763794,0.554207,0.571592,0.458501,0.489892,0.625501,0.53287,0.531202,0.703636,0.563424,0.507431,0.535988,0.606584,0.623712,0.61956,0.474059,0.500122,0.640938,0.689357,0.619186,0.618858,0.569996,0.595909,0.807529,0.739797,0.732716,0.470339,0.472196,0.510404,0.526979,0.504817,0.54363,0.493138,0.549258,0.515778,0.55543
0.545474,0.515806,0.629351,0.636213,0.778356,0.684498,0.689322,0.553368,0.594189,0.752654,0.802224,0.685941,0.701336,0.477457,0.497328,0.56475,0.544165,0.552711,0.738525,0.598224,0.571394,0.527497,0.614474,0.668216,0.60954,0.510767,0.505755,0.680135,0.737504,0.650029,0.619883,0.604677,0.628908,0.811965,0.712596,0.684598,0.520321,0.535643,0.563465,0.645822,0.518239,0.590065,0.552122,0.55946,0.549674,0.637863
0.476036,0.463532,0.564639,0.627774,0.748291,0.706134,0.672466,0.565564,0.682672,0.743711,0.791425,0.598715,0.652704,0.505107,0.546626,0.607362,0.569545,0.668785,0.737958,0.609634,0.598882,0.583545,0.619607,0.680617,0.67295,0.498354,0.519615,0.65249,0.731039,0.615654,0.614199,0.603481,0.65783,0.799019,0.71306,0.694857,0.460407,0.501327,0.493159,0.589616,0.515114,0.558008,0.528419,0.636146,0.56678,0.598825
0.510781,0.493041,0.630719,0.635293,0.745448,0.674958,0.616219,0.619745,0.667046,0.705608,0.790162,0.612872,0.605729,0.476206,0.520962,0.534365,0.533083,0.589243,0.75122,0.584984,0.569316,0.522353,0.546177,0.636293,0.667257,0.551912,0.563844,0.64508,0.704715,0.6526,0.617708,0.626243,0.651481,0.832857,0.728401,0.700509,0.512725,0.561987,0.504848,0.637308,0.562224,0.600258,0.517259,0.580532,0.4922,0.550911
0.476821,0.441084,0.57754,0.58385,0.576701,0.609341,0.556581,0.49535,0.552913,0.744017,0.75501,0.525854,0.586931,0.467566,0.502148,0.507546,0.425945,0.548737,0.591936,0.56061,0.53479,0.50788,0.552693,0.604152,0.622726,0.48763,0.502307,0.702595,0.7733,0.586457,0.598392,0.609941,0.62003,0.750612,0.682305,0.672848,0.517192,0.587107,0.461954,0.487379,0.455175,0.547801,0.495925,0.558422,0.384869,0.583014
0.525201,0.472203,0.613825,0.660859,0.745064,0.598066,0.613034,0.584606,0.636289,0.796842,0.829338,0.653924,0.728563,0.537423,0.551837,0.591191,0.654785,0.667492,0.771721,0.650289,0.618308,0.591837,0.573606,0.701208,0.687046,0.510521,0.522941,0.712079,0.784791,0.651185,0.651584,0.637028,0.654581,0.819547,0.698714,0.679036,0.530059,0.568892,0.502822,0.548321,0.541965,0.606184,0.586614,0.640614,0.423633,0.529165
0.466023,0.463939,0.547289,0.581329,0.711782,0.644633,0.611702,0.527965,0.579469,0.73604,0.75944,0.540107,0.527371,0.498,0.510097,0.601962,0.568739,0.646202,0.695689,0.532848,0.53863,0.605003,0.620191,0.609742,0.624983,0.466663,0.469796,0.693156,0.745543,0.604627,0.608479,0.599961,0.612141,0.787754,0.647426,0.669814,0.474663,0.508753,0.520604,0.563574,0.486167,0.520187,0.516011,0.543755,0.623427,0.624171
0.49317,0.479266,0.582532,0.632799,0.725861,0.619009,0.602278,0.524668,0.642476,0.719361,0.765984,0.627659,0.604424,0.479059,0.500935,0.544417,0.571411,0.680054,0.751383,0.568822,0.553791,0.498892,0.556628,0.672041,0.66471,0.486628,0.501074,0.633957,0.712675,0.630964,0.649668,0.584768,0.636503,0.835098,0.717252,0.683799,0.494558,0.530058,0.529783,0.595052,0.503344,0.55317,0.574545,0.604642,0.607126,0.61211
0.52255,0.481809,0.589522,0.606807,0.770662,0.662168,0.608188,0.576825,0.67693,0.759263,0.822516,0.607897,0.663877,0.522117,0.549196,0.585185,0.574616,0.672744,0.789055,0.596037,0.608029,0.636803,0.665928,0.662697,0.666274,0.496807,0.533392,0.686091,0.759115,0.658206,0.671686,0.614367,0.631935,0.835456,0.678804,0.695369,0.528007,0.537677,0.535114,0.605994,0.537195,0.612184,0.530722,0.641755,0.553215,0.621558
0.463233,0.446569,0.644324,0.67846,0.798351,0.719185,0.602459,0.576457,0.681938,0.776955,0.811547,0.706707,0.726426,0.534083,0.552916,0.68522,0.616473,0.708188,0.790053,0.660623,0.657171,0.59313,0.631015,0.697867,0.711367,0.50168,0.508372,0.71584,0.782333,0.71127,0.710227,0.62736,0.670993,0.83899,0.715317,0.71925,0.518838,0.545661,0.560551,0.625437,0.523998,0.554684,0.588306,0.689784,0.602804,0.646039
0.494893,0.475236,0.612217,0.57887,0.724077,0.715369,0.6683,0.501626,0.552915,0.759669,0.774439,0.592376,0.628026,0.482438,0.487856,0.562406,0.569054,0.648637,0.703747,0.558193,0.557256,0.605256,0.648614,0.637535,0.643055,0.517188,0.47968,0.63551,0.699149,0.62336,0.659205,0.562413,0.602049,0.789059,0.69457,0.68969,0.477192,0.514461,0.49923,0.531021,0.507806,0.544369,0.498578,0.595977,0.577124,0.63966
0.503529,0.495182,0.604362,0.658151,0.736877,0.627711,0.629987,0.546116,0.609685,0.736704,0.786832,0.613242,0.563092,0.505507,0.537738,0.553259,0.564734,0.640194,0.771419,0.605479,0.609165,0.554179,0.626806,0.691563,0.648732,0.511868,0.517034,0.668077,0.753943,0.721709,0.703029,0.624486,0.678564,0.84583,0.682658,0.649347,0.483102,0.574814,0.490862,0.598213,0.510252,0.588708,0.60872,0.673739,0.602332,0.63527
0.491266,0.464368,0.51379,0.542403,0.691355,0.6313,0.569111,0.55997,0.585305,0.736885,0.775632,0.45313,0.561884,0.487182,0.511233,0.594469,0.553331,0.619887,0.695943,0.510145,0.481731,0.608388,0.507269,0.600201,0.582784,0.485694,0.490614,0.647474,0.698293,0.61499,0.634848,0.579425,0.605936,0.799367,0.624324,0.649588,0.476861,0.522874,0.451574,0.5006,0.531062,0.581019,0.57707,0.580776,0.540283,0.546434
0.517418,0.482963,0.624765,0.654367,0.795164,0.708463,0.665403,0.602295,0.680766,0.734208,0.790952,0.648863,0.658408,0.509813,0.540108,0.557186,0.604235,0.661068,0.78343,0.590988,0.630963,0.59265,0.721212,0.674917,0.68998,0.490308,0.510802,0.645726,0.70825,0.673319,0.672211,0.556143,0.597807,0.806451,0.707548,0.708017,0.492265,0.5588,0.54624,0.641688,0.547822,0.588278,0.57049,0.645037,0.63167,0.632605
0.552771,0.542227,0.633242,0.645519,0.760925,0.720181,0.630173,0.606518,0.696843,0.774432,0.815751,0.588689,0.572874,0.544447,0.572859,0.645751,0.542314,0.595035,0.75118,0.605519,0.580167,0.685932,0.685675,0.656916,0.609544,0.531579,0.552208,0.703326,0.762229,0.674539,0.676026,0.601156,0.678898,0.82282,0.722998,0.727263,0.530416,0.568484,0.559216,0.595204,0.549897,0.607892,0.550159,0.650267,0.655287,0.727233
0.541586,0.535025,0.667331,0.679566,0.794081,0.743253,0.661336,0.581425,0.656936,0.777944,0.797761,0.706806,0.743864,0.507031,0.51999,0.622857,0.632027,0.763445,0.759732,0.618944,0.574557,0.656552,0.620382,0.691987,0.695968,0.533988,0.52361,0.680731,0.742749,0.669861,0.688402,0.62995,0.685017,0.826926,0.732137,0.754339,0.526798,0.557021,0.568951,0.622727,0.542685,0.612488,0.588266,0.662357,0.575392,0.692469
0.509892,0.495088,0.588931,0.617064,0.734808,0.597839,0.577966,0.453395,0.565323,0.755055,0.79562,0.563186,0.580433,0.490275,0.507933,0.54937,0.536229,0.6301,0.737457,0.587994,0.574431,0.637012,0.572372,0.618447,0.618725,0.539362,0.530194,0.66326,0.732786,0.643932,0.647759,0.596946,0.662556,0.808088,0.629024,0.645255,0.500586,0.540527,0.502488,0.552293,0.506551,0.561483,0.550343,0.629283,0.553281,0.616352
0.550119,0.514316,0.584092,0.601529,0.741122,0.607721,0.585057,0.52949,0.590716,0.756973,0.775844,0.677313,0.639763,0.46948,0.46971,0.587446,0.532537,0.598798,0.791572,0.580261,0.565911,0.508835,0.58707,0.633631,0.629049,0.497792,0.519988,0.672746,0.711615,0.637644,0.643841,0.619867,0.646772,0.839852,0.709203,0.696127,0.490203,0.505526,0.460217,0.488772,0.531306,0.580333,0.540129,0.590091,0.531599,0.559804
0.518238,0.479209,0.611429,0.623121,0.746495,0.666216,0.616883,0.523311,0.611519,0.79995,0.821626,0.583175,0.638162,0.50287,0.515968,0.531978,0.567102,0.714439,0.773658,0.636245,0.620517,0.670955,0.559533,0.660113,0.686457,0.488216,0.498669,0.689732,0.749146,0.634588,0.658789,0.628111,0.650263,0.816674,0.713284,0.743995,0.471186,0.5039,0.524993,0.557214,0.526532,0.591412,0.54113,0.584425,0.587574,0.582121
0.505687,0.526057,0.565814,0.62035,0.771159,0.697903,0.644695,0.624374,0.682682,0.751197,0.806053,0.593517,0.641766,0.474343,0.523271,0.596416,0.558636,0.692059,0.800571,0.564202,0.590592,0.488225,0.584027,0.637965,0.669694,0.531793,0.520018,0.667078,0.744624,0.675888,0.633597,0.674453,0.674207,0.839435,0.675531,0.666088,0.516811,0.511081,0.514134,0.606555,0.496559,0.547011,0.568864,0.636272,0.42734,0.608133
0.535572,0.500864,0.650748,0.656331,0.795231,0.688796,0.602538,0.528769,0.686991,0.783473,0.788887,0.620772,0.609366,0.523013,0.536706,0.630224,0.587193,0.681191,0.793477,0.584338,0.549736,0.62014,0.617881,0.657466,0.628028,0.519924,0.554284,0.687825,0.749766,0.660809,0.659087,0.627986,0.691873,0.844049,0.678994,0.70282,0.520275,0.560206,0.580084,0.597243,0.540575,0.590547,0.593379,0.679149,0.63921,0.680632
0.467124,0.442291,0.591437,0.614202,0.659086,0.631369,0.590055,0.48062,0.52236,0.670189,0.691285,0.596699,0.568512,0.442671,0.462524,0.563324,0.519261,0.539859,0.679236,0.491543,0.462105,0.52649,0.602289,0.596507,0.584438,0.462642,0.489242,0.628468,0.697676,0.611023,0.615419,0.586181,0.57885,0.72118,0.61,0.585499,0.495227,0.515045,0.544553,0.551422,0.485525,0.525882,0.520169,0.56826,0.545189,0.571813
0.455103,0.444632,0.609706,0.634024,0.692587,0.647263,0.618085,0.543631,0.569993,0.715366,0.728011,0.683533,0.675988,0.487826,0.516721,0.595642,0.560764,0.604462,0.679035,0.530468,0.530107,0.608906,0.626371,0.641194,0.652491,0.460789,0.482724,0.632123,0.700227,0.616712,0.627647,0.558697,0.589958,0.767751,0.698557,0.685265,0.473054,0.496592,0.517106,0.531027,0.469763,0.529016,0.542111,0.616141,0.551444,0.606514
0.520559,0.528564,0.588492,0.656982,0.778948,0.654413,0.667059,0.553828,0.662636,0.769108,0.815995,0.61836,0.617022,0.500877,0.568854,0.66502,0.535075,0.677768,0.741803,0.618818,0.577063,0.654621,0.678503,0.676351,0.660941,0.54399,0.566857,0.642202,0.734794,0.635221,0.655045,0.597004,0.652108,0.800609,0.73454,0.710568,0.533969,0.575684,0.535961,0.623522,0.557924,0.597135,0.549376,0.611871,0.578583,0.64625
0.540598,0.505777,0.589991,0.614123,0.781046,0.734288,0.695358,0.557249,0.609989,0.758606,0.791643,0.686322,0.643122,0.509832,0.526309,0.613859,0.588422,0.654395,0.773628,0.604514,0.607749,0.570383,0.658776,0.679585,0.710672,0.535806,0.542686,0.696072,0.739035,0.698392,0.683619,0.61635,0.629068,0.815265,0.689676,0.673117,0.535665,0.554709,0.565967,0.584962,0.537185,0.616437,0.559372,0.611193,0.618233,0.646854
0.477595,0.458413,0.547093,0.586798,0.719979,0.633006,0.611783,0.449931,0.493413,0.694624,0.732186,0.536006,0.540362,0.448841,0.486746,0.564242,0.532347,0.62535,0.740611,0.513862,0.537956,0.514285,0.560509,0.616524,0.625804,0.457172,0.459729,0.614271,0.691951,0.648081,0.616194,0.564994,0.602842,0.7869,0.683443,0.62753,0.47675,0.486364,0.516192,0.549898,0.470337,0.520509,0.481205,0.555333,0.569544,0.619539
0.556994,0.557521,0.638098,0.668184,0.770891,0.717323,0.684182,0.543211,0.621554,0.745894,0.815318,0.648716,0.665155,0.507773,0.53762,0.624212,0.513906,0.6534,0.757274,0.60831,0.618594,0.600083,0.712739,0.691468,0.661022,0.519068,0.555846,0.669042,0.762754,0.637187,0.689295,0.619547,0.686807,0.804525,0.730253,0.676073,0.5036,0.573376,0.519939,0.587557,0.556258,0.628068,0.533808,0.647598,0.721879,0.744762
0.536085,0.531891,0.667271,0.699548,0.771907,0.707054,0.684971,0.677406,0.751084,0.765661,0.82576,0.62746,0.61755,0.538346,0.601577,0.630582,0.645202,0.768841,0.777877,0.580792,0.609836,0.587097,0.683655,0.644504,0.667094,0.556095,0.595775,0.698265,0.782565,0.730727,0.694601,0.669432,0.747571,0.818979,0.717752,0.690129,0.522319,0.597537,0.612576,0.657101,0.571394,0.615564,0.566967,0.670662,0.60051,0.697273
0.448483,0.438242,0.568555,0.606789,0.686708,0.532973,0.517737,0.463367,0.523765,0.73623,0.813429,0.581949,0.579876,0.45417,0.486854,0.533756,0.487535,0.575813,0.680115,0.573131,0.576342,0.529004,0.560793,0.661215,0.664614,0.471068,0.482617,0.679749,0.7535,0.601262,0.568248,0.593066,0.634178,0.775782,0.686552,0.654246,0.478509,0.509959,0.486415,0.564404,0.466035,0.530998,0.496949,0.550641,0.498937,0.514079
0.530118,0.52627,0.614706,0.661565,0.75956,0.679836,0.629185,0.538106,0.701877,0.781521,0.802401,0.648145,0.667839,0.509398,0.566624,0.623477,0.53532,0.662653,0.760276,0.62349,0.614641,0.628503,0.720154,0.71153,0.685226,0.513708,0.567658,0.676812,0.757071,0.68366,0.678057,0.607815,0.687807,0.810755,0.693755,0.693645,0.504182,0.53767,0.6088,0.639105,0.538328,0.62199,0.56282,0.654382,0.661314,0.67502
0.519532,0.487055,0.64055,0.675373,0.785379,0.673555,0.636623,0.523331,0.567718,0.781261,0.810372,0.607122,0.650937,0.507381,0.560103,0.469564,0.534261,0.68697,0.782274,0.602373,0.597866,0.587453,0.67901,0.670796,0.65593,0.525906,0.546183,0.716003,0.786163,0.687024,0.671126,0.62559,0.663617,0.858868,0.722995,0.695732,0.533929,0.572367,0.580886,0.638143,0.541271,0.57339,0.570662,0.612498,0.636724,0.643937
0.523914,0.480523,0.593446,0.63849,0.773463,0.673726,0.623573,0.511264,0.601012,0.741833,0.793183,0.577964,0.6195,0.515921,0.533858,0.693521,0.557656,0.631576,0.798205,0.556509,0.529787,0.653807,0.674081,0.660999,0.640755,0.494286,0.53896,0.681287,0.766252,0.688087,0.702507,0.628593,0.635758,0.843337,0.702159,0.703664,0.523686,0.549592,0.552609,0.603646,0.530542,0.564543,0.555353,0.63939,0.588741,0.668967
0.530059,0.536324,0.640322,0.675492,0.77526,0.707393,0.706163,0.587956,0.701854,0.790832,0.791682,0.599456,0.662572,0.51934,0.535129,0.629269,0.620502,0.708432,0.768308,0.61358,0.642189,0.581506,0.677144,0.69874,0.681066,0.518366,0.533217,0.673902,0.750122,0.689761,0.70039,0.628094,0.657935,0.797321,0.766499,0.763041,0.498507,0.564581,0.526481,0.586957,0.545442,0.587883,0.577128,0.659849,0.670752,0.666685
0.533258,0.521472,0.67776,0.673296,0.798606,0.797942,0.74727,0.653104,0.67422,0.792692,0.821422,0.644864,0.633064,0.539845,0.58233,0.608646,0.602284,0.624751,0.801346,0.648609,0.629266,0.580392,0.697681,0.700899,0.68885,0.570497,0.568061,0.724148,0.779426,0.716668,0.696882,0.653655,0.696051,0.839582,0.788583,0.794663,0.528849,0.565474,0.569626,0.606673,0.565144,0.619395,0.59996,0.671289,0.681524,0.703173
0.499365,0.51101,0.591696,0.659476,0.762634,0.690148,0.674726,0.528278,0.692041,0.758256,0.819397,0.625267,0.600285,0.512715,0.546262,0.590251,0.519782,0.66054,0.79685,0.592562,0.606217,0.62036,0.666702,0.667002,0.652091,0.488636,0.496548,0.687688,0.756312,0.675872,0.67871,0.637397,0.683246,0.818047,0.657291,0.672018,0.510059,0.576515,0.550114,0.646853,0.540851,0.624585,0.546857,0.632883,0.601353,0.562035
0.488886,0.502553,0.60888,0.642555,0.762224,0.716297,0.692344,0.618238,0.764728,0.808041,0.80569,0.626172,0.664787,0.481366,0.517704,0.445496,0.579933,0.700193,0.711903,0.622927,0.604457,0.52148,0.618874,0.714699,0.69063,0.49857,0.540145,0.674591,0.755885,0.639262,0.636244,0.634068,0.632409,0.804872,0.71815,0.72302,0.522948,0.567049,0.580592,0.693828,0.517539,0.548725,0.568113,0.601077,0.667325,0.654446
0.517342,0.526212,0.670814,0.70915,0.792729,0.727825,0.70202,0.553447,0.646553,0.766924,0.791446,0.608349,0.595317,0.518865,0.548658,0.656278,0.591048,0.682071,0.749605,0.598246,0.605572,0.616917,0.666096,0.681201,0.6803,0.483337,0.517089,0.653548,0.730112,0.640144,0.602532,0.588203,0.631195,0.803977,0.707653,0.707677,0.506132,0.545115,0.518025,0.625686,0.523264,0.572245,0.565555,0.63313,0.616584,0.642021
0.49251,0.468261,0.586977,0.641508,0.748599,0.645634,0.639991,0.552827,0.558233,0.761277,0.784907,0.693036,0.690304,0.472974,0.504061,0.551864,0.569338,0.601349,0.774153,0.588029,0.601431,0.538876,0.589681,0.6872,0.682319,0.48594,0.503364,0.66713,0.723604,0.626913,0.627909,0.59274,0.628108,0.83633,0.677553,0.706618,0.502045,0.539919,0.488424,0.580456,0.500337,0.561308,0.52191,0.578514,0.638925,0.659625
0.500164,0.509079,0.583632,0.620967,0.768948,0.668493,0.633493,0.616688,0.605809,0.76757,0.806081,0.61143,0.625945,0.508028,0.536158,0.569955,0.596438,0.687443,0.761418,0.603565,0.617629,0.579238,0.613054,0.649083,0.676496,0.515693,0.527045,0.668197,0.742777,0.675246,0.689805,0.62122,0.66758,0.834668,0.731002,0.730879,0.533892,0.56464,0.492563,0.576667,0.556795,0.604425,0.567806,0.639951,0.657286,0.639957
0.514632,0.50458,0.630095,0.67421,0.78161,0.67898,0.675537,0.582569,0.608579,0.752222,0.803082,0.666532,0.682138,0.528235,0.546461,0.428985,0.611763,0.680279,0.735132,0.601226,0.590697,0.679564,0.664196,0.650688,0.65132,0.532077,0.540233,0.688956,0.776032,0.69101,0.665876,0.64337,0.672851,0.8191,0.747415,0.707187,0.529058,0.574488,0.582882,0.575779,0.529748,0.612053,0.562612,0.631614,0.606444,0.567585
0.509506,0.502366,0.596285,0.641055,0.772331,0.686073,0.655861,0.547134,0.621118,0.72202,0.77263,0.613486,0.559182,0.509891,0.543906,0.672009,0.624961,0.7269,0.758336,0.552091,0.577841,0.6145,0.688855,0.638872,0.691165,0.488825,0.512807,0.641074,0.736973,0.616621,0.658029,0.559833,0.624409,0.825334,0.724611,0.719953,0.478725,0.541925,0.535159,0.622045,0.50696,0.59844,0.532099,0.658461,0.567459,0.605906
0.509246,0.502327,0.637854,0.672343,0.783094,0.662749,0.603923,0.50913,0.640807,0.769826,0.810423,0.58674,0.603255,0.470166,0.490049,0.537659,0.574601,0.631344,0.80606,0.618457,0.587288,0.572444,0.659965,0.67402,0.661433,0.528153,0.544436,0.685103,0.796601,0.683784,0.686322,0.625254,0.645184,0.841571,0.685195,0.698658,0.539161,0.551634,0.535712,0.546531,0.522441,0.580077,0.547617,0.584874,0.658809,0.657954
0.46193,0.44793,0.558981,0.602667,0.700331,0.641203,0.569526,0.544938,0.602468,0.751159,0.812108,0.556728,0.62081,0.47407,0.527167,0.357401,0.570243,0.616994,0.721178,0.554316,0.544696,0.533298,0.594547,0.660324,0.699328,0.505683,0.517056,0.703653,0.767653,0.646068,0.612662,0.599449,0.731955,0.821743,0.680575,0.686056,0.508659,0.568298,0.457691,0.556957,0.529719,0.604915,0.524316,0.619771,0.503929,0.584975
0.470272,0.480125,0.579203,0.655009,0.768691,0.700096,0.62808,0.50881,0.55631,0.77547,0.827569,0.630537,0.664002,0.478496,0.509621,0.566211,0.614452,0.676511,0.723747,0.613414,0.587857,0.571611,0.618059,0.672275,0.676864,0.537136,0.527473,0.68466,0.747374,0.64981,0.653476,0.628711,0.648805,0.795886,0.735085,0.749694,0.51866,0.537458,0.547654,0.640174,0.505506,0.588607,0.55732,0.597777,0.516311,0.645781
0.489275,0.494576,0.595217,0.618931,0.771467,0.695871,0.660726,0.54297,0.638087,0.776651,0.799003,0.648106,0.666149,0.498982,0.518279,0.61111,0.55013,0.628184,0.756879,0.607887,0.564997,0.622466,0.718476,0.688199,0.662907,0.535077,0.543315,0.684631,0.746888,0.689099,0.693643,0.607614,0.617942,0.800333,0.745529,0.724885,0.496043,0.530355,0.525552,0.570137,0.534738,0.542965,0.554598,0.627835,0.67422,0.652477
0.54138,0.520488,0.647032,0.663872,0.761065,0.690425,0.675256,0.558431,0.562661,0.811504,0.813651,0.663975,0.667377,0.521934,0.537121,0.547121,0.623391,0.656084,0.793247,0.63476,0.628644,0.5852,0.639081,0.684268,0.697318,0.566272,0.55124,0.73252,0.797159,0.726854,0.69427,0.715388,0.733071,0.866366,0.677538,0.673787,0.574117,0.58186,0.551369,0.628675,0.549082,0.598239,0.615542,0.653059,0.536551,0.597117
0.511719,0.483459,0.637473,0.660465,0.764619,0.716358,0.646677,0.495406,0.639284,0.711519,0.786294,0.635845,0.638511,0.498721,0.53741,0.59914,0.59324,0.633098,0.751541,0.606551,0.581507,0.621863,0.628241,0.659539,0.647051,0.466293,0.5141,0.621557,0.716702,0.582432,0.640454,0.599157,0.604369,0.801949,0.685405,0.66488,0.502182,0.550195,0.564175,0.593254,0.498881,0.556032,0.565522,0.613574,0.519229,0.570356
0.506386,0.482646,0.645213,0.655327,0.75426,0.675475,0.634971,0.533729,0.70799,0.748329,0.817751,0.672837,0.662434,0.463969,0.525905,0.354971,0.512706,0.582072,0.75327,0.63181,0.599029,0.551336,0.628304,0.688683,0.684935,0.518474,0.54959,0.667625,0.7664,0.621766,0.612148,0.602711,0.618002,0.816915,0.695214,0.656175,0.518035,0.562853,0.521517,0.593132,0.537525,0.566149,0.536555,0.60775,0.662603,0.698284
0.47793,0.47979,0.645325,0.62453,0.758771,0.718663,0.681397,0.533248,0.595666,0.782213,0.796711,0.652453,0.670636,0.524995,0.519421,0.5844,0.593689,0.699911,0.754175,0.634195,0.61355,0.664857,0.702956,0.686005,0.666101,0.483924,0.526346,0.670374,0.746672,0.685417,0.671319,0.617398,0.66402,0.815596,0.736942,0.727642,0.505728,0.53849,0.530179,0.57101,0.517598,0.599369,0.582011,0.659377,0.423547,0.507868
0.479286,0.479237,0.587335,0.630177,0.726624,0.669999,0.609573,0.527296,0.680642,0.737764,0.793966,0.64378,0.597892,0.503875,0.527258,0.654125,0.579687,0.686076,0.712291,0.550943,0.52915,0.586689,0.648336,0.629963,0.65177,0.484918,0.474058,0.649466,0.722706,0.587281,0.602721,0.568632,0.576325,0.765707,0.74392,0.7324,0.474299,0.516824,0.502039,0.621685,0.486838,0.536321,0.514502,0.561827,0.54917,0.567571
0.513982,0.493393,0.658095,0.645689,0.77138,0.7405,0.702174,0.527509,0.540328,0.748094,0.769675,0.61668,0.615749,0.501994,0.524656,0.607436,0.578263,0.61285,0.747099,0.553916,0.548385,0.627748,0.622768,0.605954,0.633935,0.520155,0.556443,0.674796,0.713534,0.660593,0.647138,0.600833,0.638491,0.780997,0.68085,0.701518,0.510619,0.509956,0.556173,0.617033,0.534741,0.556614,0.524174,0.621267,0.626672,0.664667
