"","byClass.Sensitivity","byClass.Specificity","byClass.Pos.Pred.Value","byClass.Neg.Pred.Value","byClass.Precision","byClass.Recall","byClass.F1","byClass.Prevalence","byClass.Detection.Rate","byClass.Detection.Prevalence","byClass.Balanced.Accuracy"
"1",0,0,0,0,0,0,0,0,0,0,0
"Class: 1",0.4,0.923076923076923,0.666666666666667,0.8,0.666666666666667,0.4,0.5,0.277777777777778,0.111111111111111,0.166666666666667,0.661538461538462
"Class: 2",1,0.724137931034483,0.466666666666667,1,0.466666666666667,1,0.636363636363636,0.194444444444444,0.194444444444444,0.416666666666667,0.862068965517241
"Class: 3",0.545454545454545,0.96,0.857142857142857,0.827586206896552,0.857142857142857,0.545454545454545,0.666666666666667,0.305555555555556,0.166666666666667,0.194444444444444,0.752727272727273
"Class: 4",0.75,0.928571428571429,0.75,0.928571428571428,0.75,0.75,0.75,0.222222222222222,0.166666666666667,0.222222222222222,0.839285714285714
"Class: 11",0.5,1,1,0.875,1,0.5,0.666666666666667,0.222222222222222,0.111111111111111,0.111111111111111,0.75
"Class: 21",0.909090909090909,0.76,0.625,0.95,0.625,0.909090909090909,0.740740740740741,0.305555555555556,0.277777777777778,0.444444444444444,0.834545454545454
"Class: 31",0.636363636363636,0.92,0.777777777777778,0.851851851851852,0.777777777777778,0.636363636363636,0.7,0.305555555555556,0.194444444444444,0.25,0.778181818181818
"Class: 41",0.5,0.866666666666667,0.428571428571429,0.896551724137931,0.428571428571429,0.5,0.461538461538462,0.166666666666667,0.0833333333333333,0.194444444444444,0.683333333333333
"Class: 12",1,0.935483870967742,0.714285714285714,1,0.714285714285714,1,0.833333333333333,0.138888888888889,0.138888888888889,0.194444444444444,0.967741935483871
"Class: 22",0.875,0.95,0.933333333333333,0.904761904761905,0.933333333333333,0.875,0.903225806451613,0.444444444444444,0.388888888888889,0.416666666666667,0.9125
"Class: 32",0.727272727272727,1,1,0.892857142857143,1,0.727272727272727,0.842105263157895,0.305555555555556,0.222222222222222,0.222222222222222,0.863636363636364
"Class: 42",1,0.9375,0.666666666666667,1,0.666666666666667,1,0.8,0.111111111111111,0.111111111111111,0.166666666666667,0.96875
"Class: 13",0.416666666666667,1,1,0.774193548387097,1,0.416666666666667,0.588235294117647,0.333333333333333,0.138888888888889,0.138888888888889,0.708333333333333
"Class: 23",1,0.769230769230769,0.625,1,0.625,1,0.769230769230769,0.277777777777778,0.277777777777778,0.444444444444444,0.884615384615385
"Class: 33",0.666666666666667,0.888888888888889,0.666666666666667,0.888888888888889,0.666666666666667,0.666666666666667,0.666666666666667,0.25,0.166666666666667,0.25,0.777777777777778
"Class: 43",1,0.967741935483871,0.833333333333333,1,0.833333333333333,1,0.909090909090909,0.138888888888889,0.138888888888889,0.166666666666667,0.983870967741935
"Class: 14",0.857142857142857,0.896551724137931,0.666666666666667,0.962962962962963,0.666666666666667,0.857142857142857,0.75,0.194444444444444,0.166666666666667,0.25,0.876847290640394
"Class: 24",1,0.857142857142857,0.666666666666667,1,0.666666666666667,1,0.8,0.222222222222222,0.222222222222222,0.333333333333333,0.928571428571429
"Class: 34",0.375,0.928571428571429,0.6,0.838709677419355,0.6,0.375,0.461538461538462,0.222222222222222,0.0833333333333333,0.138888888888889,0.651785714285714
"Class: 44",0.615384615384615,0.91304347826087,0.8,0.807692307692308,0.8,0.615384615384615,0.695652173913043,0.361111111111111,0.222222222222222,0.277777777777778,0.764214046822743
"Class: 15",0.857142857142857,0.896551724137931,0.666666666666667,0.962962962962963,0.666666666666667,0.857142857142857,0.75,0.194444444444444,0.166666666666667,0.25,0.876847290640394
"Class: 25",0.714285714285714,0.862068965517241,0.555555555555555,0.925925925925926,0.555555555555556,0.714285714285714,0.625,0.194444444444444,0.138888888888889,0.25,0.788177339901478
"Class: 35",0.636363636363636,0.92,0.777777777777778,0.851851851851852,0.777777777777778,0.636363636363636,0.7,0.305555555555556,0.194444444444444,0.25,0.778181818181818
"Class: 45",0.636363636363636,0.92,0.777777777777778,0.851851851851852,0.777777777777778,0.636363636363636,0.7,0.305555555555556,0.194444444444444,0.25,0.778181818181818
"Class: 16",0.7,1,1,0.896551724137931,1,0.7,0.823529411764706,0.277777777777778,0.194444444444444,0.194444444444444,0.85
"Class: 26",0.909090909090909,0.84,0.714285714285714,0.954545454545454,0.714285714285714,0.909090909090909,0.8,0.305555555555556,0.277777777777778,0.388888888888889,0.874545454545455
"Class: 36",0.5,0.785714285714286,0.4,0.846153846153846,0.4,0.5,0.444444444444444,0.222222222222222,0.111111111111111,0.277777777777778,0.642857142857143
"Class: 46",0.571428571428571,0.96551724137931,0.8,0.903225806451613,0.8,0.571428571428571,0.666666666666667,0.194444444444444,0.111111111111111,0.138888888888889,0.768472906403941
"Class: 17",0.833333333333333,0.933333333333333,0.714285714285714,0.96551724137931,0.714285714285714,0.833333333333333,0.769230769230769,0.166666666666667,0.138888888888889,0.194444444444444,0.883333333333333
"Class: 27",0.75,0.791666666666667,0.642857142857143,0.863636363636364,0.642857142857143,0.75,0.692307692307692,0.333333333333333,0.25,0.388888888888889,0.770833333333333
"Class: 37",0.571428571428571,0.931034482758621,0.666666666666667,0.9,0.666666666666667,0.571428571428571,0.615384615384615,0.194444444444444,0.111111111111111,0.166666666666667,0.751231527093596
"Class: 47",0.636363636363636,0.92,0.777777777777778,0.851851851851852,0.777777777777778,0.636363636363636,0.7,0.305555555555556,0.194444444444444,0.25,0.778181818181818
"Class: 18",0.625,1,1,0.903225806451613,1,0.625,0.769230769230769,0.222222222222222,0.138888888888889,0.138888888888889,0.8125
"Class: 28",0.857142857142857,0.758620689655172,0.461538461538461,0.956521739130435,0.461538461538462,0.857142857142857,0.6,0.194444444444444,0.166666666666667,0.361111111111111,0.807881773399015
"Class: 38",0.615384615384615,1,1,0.821428571428572,1,0.615384615384615,0.761904761904762,0.361111111111111,0.222222222222222,0.222222222222222,0.807692307692308
"Class: 48",0.875,0.892857142857143,0.7,0.961538461538462,0.7,0.875,0.777777777777778,0.222222222222222,0.194444444444444,0.277777777777778,0.883928571428571
"Class: 19",0.833333333333333,0.9,0.625,0.964285714285714,0.625,0.833333333333333,0.714285714285714,0.166666666666667,0.138888888888889,0.222222222222222,0.866666666666667
"Class: 29",0.692307692307692,0.826086956521739,0.692307692307692,0.826086956521739,0.692307692307692,0.692307692307692,0.692307692307692,0.361111111111111,0.25,0.361111111111111,0.759197324414716
"Class: 39",0.571428571428571,0.896551724137931,0.571428571428572,0.896551724137931,0.571428571428571,0.571428571428571,0.571428571428571,0.194444444444444,0.111111111111111,0.194444444444444,0.733990147783251
"Class: 49",0.5,0.884615384615385,0.625,0.821428571428572,0.625,0.5,0.555555555555556,0.277777777777778,0.138888888888889,0.222222222222222,0.692307692307692
"Class: 110",0.5,0.964285714285714,0.8,0.870967741935484,0.8,0.5,0.615384615384615,0.222222222222222,0.111111111111111,0.138888888888889,0.732142857142857
"Class: 210",0.75,0.857142857142857,0.6,0.923076923076923,0.6,0.75,0.666666666666667,0.222222222222222,0.166666666666667,0.277777777777778,0.803571428571429
"Class: 310",0.9,0.846153846153846,0.692307692307692,0.956521739130435,0.692307692307692,0.9,0.782608695652174,0.277777777777778,0.25,0.361111111111111,0.873076923076923
"Class: 410",0.7,0.961538461538462,0.875,0.892857142857143,0.875,0.7,0.777777777777778,0.277777777777778,0.194444444444444,0.222222222222222,0.830769230769231
"Class: 111",0.444444444444444,1,1,0.84375,1,0.444444444444444,0.615384615384615,0.25,0.111111111111111,0.111111111111111,0.722222222222222
"Class: 211",1,0.666666666666667,0.5,1,0.5,1,0.666666666666667,0.25,0.25,0.5,0.833333333333333
"Class: 311",0.625,0.857142857142857,0.555555555555555,0.888888888888889,0.555555555555556,0.625,0.588235294117647,0.222222222222222,0.138888888888889,0.25,0.741071428571429
"Class: 411",0.4,0.961538461538462,0.8,0.806451612903226,0.8,0.4,0.533333333333333,0.277777777777778,0.111111111111111,0.138888888888889,0.680769230769231
"Class: 112",0.75,0.964285714285714,0.857142857142857,0.931034482758621,0.857142857142857,0.75,0.8,0.222222222222222,0.166666666666667,0.194444444444444,0.857142857142857
"Class: 212",0.833333333333333,0.833333333333333,0.714285714285714,0.909090909090909,0.714285714285714,0.833333333333333,0.769230769230769,0.333333333333333,0.277777777777778,0.388888888888889,0.833333333333333
"Class: 312",0.875,1,1,0.96551724137931,1,0.875,0.933333333333333,0.222222222222222,0.194444444444444,0.194444444444444,0.9375
"Class: 412",0.75,0.928571428571429,0.75,0.928571428571428,0.75,0.75,0.75,0.222222222222222,0.166666666666667,0.222222222222222,0.839285714285714
"Class: 113",0.6,1,1,0.866666666666667,1,0.6,0.75,0.277777777777778,0.166666666666667,0.166666666666667,0.8
"Class: 213",0.846153846153846,1,1,0.92,1,0.846153846153846,0.916666666666667,0.361111111111111,0.305555555555556,0.305555555555556,0.923076923076923
"Class: 313",1,0.764705882352941,0.2,1,0.2,1,0.333333333333333,0.0555555555555556,0.0555555555555556,0.277777777777778,0.882352941176471
"Class: 413",0.727272727272727,0.96,0.888888888888889,0.888888888888889,0.888888888888889,0.727272727272727,0.8,0.305555555555556,0.222222222222222,0.25,0.843636363636364
"Class: 114",1,0.967741935483871,0.833333333333333,1,0.833333333333333,1,0.909090909090909,0.138888888888889,0.138888888888889,0.166666666666667,0.983870967741935
"Class: 214",0.777777777777778,0.851851851851852,0.636363636363636,0.92,0.636363636363636,0.777777777777778,0.7,0.25,0.194444444444444,0.305555555555556,0.814814814814815
"Class: 314",0.6,0.961538461538462,0.857142857142857,0.862068965517241,0.857142857142857,0.6,0.705882352941176,0.277777777777778,0.166666666666667,0.194444444444444,0.780769230769231
"Class: 414",0.833333333333333,0.916666666666667,0.833333333333333,0.916666666666667,0.833333333333333,0.833333333333333,0.833333333333333,0.333333333333333,0.277777777777778,0.333333333333333,0.875
"Class: 115",0.625,0.964285714285714,0.833333333333333,0.9,0.833333333333333,0.625,0.714285714285714,0.222222222222222,0.138888888888889,0.166666666666667,0.794642857142857
"Class: 215",1,0.846153846153846,0.714285714285714,1,0.714285714285714,1,0.833333333333333,0.277777777777778,0.277777777777778,0.388888888888889,0.923076923076923
"Class: 315",0.666666666666667,0.958333333333333,0.888888888888889,0.851851851851852,0.888888888888889,0.666666666666667,0.761904761904762,0.333333333333333,0.222222222222222,0.25,0.8125
"Class: 415",0.666666666666667,0.9,0.571428571428572,0.931034482758621,0.571428571428571,0.666666666666667,0.615384615384615,0.166666666666667,0.111111111111111,0.194444444444444,0.783333333333333
"Class: 116",0.571428571428571,0.96551724137931,0.8,0.903225806451613,0.8,0.571428571428571,0.666666666666667,0.194444444444444,0.111111111111111,0.138888888888889,0.768472906403941
"Class: 216",0.916666666666667,0.791666666666667,0.6875,0.95,0.6875,0.916666666666667,0.785714285714286,0.333333333333333,0.305555555555556,0.444444444444444,0.854166666666667
"Class: 316",0.7,0.961538461538462,0.875,0.892857142857143,0.875,0.7,0.777777777777778,0.277777777777778,0.194444444444444,0.222222222222222,0.830769230769231
"Class: 416",0.428571428571429,0.862068965517241,0.428571428571428,0.862068965517241,0.428571428571429,0.428571428571429,0.428571428571429,0.194444444444444,0.0833333333333333,0.194444444444444,0.645320197044335
"Class: 117",0.833333333333333,1,1,0.967741935483871,1,0.833333333333333,0.909090909090909,0.166666666666667,0.138888888888889,0.138888888888889,0.916666666666667
"Class: 217",1,0.814814814814815,0.642857142857143,1,0.642857142857143,1,0.782608695652174,0.25,0.25,0.388888888888889,0.907407407407407
"Class: 317",0.727272727272727,0.96,0.888888888888889,0.888888888888889,0.888888888888889,0.727272727272727,0.8,0.305555555555556,0.222222222222222,0.25,0.843636363636364
"Class: 417",0.7,0.961538461538462,0.875,0.892857142857143,0.875,0.7,0.777777777777778,0.277777777777778,0.194444444444444,0.222222222222222,0.830769230769231
"Class: 118",0.25,0.96875,0.5,0.911764705882353,0.5,0.25,0.333333333333333,0.111111111111111,0.0277777777777778,0.0555555555555556,0.609375
"Class: 218",0.75,0.791666666666667,0.642857142857143,0.863636363636364,0.642857142857143,0.75,0.692307692307692,0.333333333333333,0.25,0.388888888888889,0.770833333333333
"Class: 318",0.625,0.75,0.416666666666667,0.875,0.416666666666667,0.625,0.5,0.222222222222222,0.138888888888889,0.333333333333333,0.6875
"Class: 418",0.583333333333333,0.958333333333333,0.875,0.821428571428572,0.875,0.583333333333333,0.7,0.333333333333333,0.194444444444444,0.222222222222222,0.770833333333333
"Class: 119",0.3,0.884615384615385,0.5,0.766666666666667,0.5,0.3,0.375,0.277777777777778,0.0833333333333333,0.166666666666667,0.592307692307692
"Class: 219",1,0.740740740740741,0.5625,1,0.5625,1,0.72,0.25,0.25,0.444444444444444,0.87037037037037
"Class: 319",0.6,0.935483870967742,0.6,0.935483870967742,0.6,0.6,0.6,0.138888888888889,0.0833333333333333,0.138888888888889,0.767741935483871
"Class: 419",0.583333333333333,0.916666666666667,0.777777777777778,0.814814814814815,0.777777777777778,0.583333333333333,0.666666666666667,0.333333333333333,0.194444444444444,0.25,0.75
"Class: 120",0.8,0.967741935483871,0.8,0.967741935483871,0.8,0.8,0.8,0.138888888888889,0.111111111111111,0.138888888888889,0.883870967741936
"Class: 220",0.833333333333333,0.916666666666667,0.833333333333333,0.916666666666667,0.833333333333333,0.833333333333333,0.833333333333333,0.333333333333333,0.277777777777778,0.333333333333333,0.875
"Class: 320",0.857142857142857,0.896551724137931,0.666666666666667,0.962962962962963,0.666666666666667,0.857142857142857,0.75,0.194444444444444,0.166666666666667,0.25,0.876847290640394
"Class: 420",0.75,0.958333333333333,0.9,0.884615384615385,0.9,0.75,0.818181818181818,0.333333333333333,0.25,0.277777777777778,0.854166666666667
"Class: 121",0.8,1,1,0.96875,1,0.8,0.888888888888889,0.138888888888889,0.111111111111111,0.111111111111111,0.9
"Class: 221",0.9,0.961538461538462,0.9,0.961538461538462,0.9,0.9,0.9,0.277777777777778,0.25,0.277777777777778,0.930769230769231
"Class: 321",0.777777777777778,0.851851851851852,0.636363636363636,0.92,0.636363636363636,0.777777777777778,0.7,0.25,0.194444444444444,0.305555555555556,0.814814814814815
"Class: 421",0.75,0.916666666666667,0.818181818181818,0.88,0.818181818181818,0.75,0.782608695652174,0.333333333333333,0.25,0.305555555555556,0.833333333333333
"Class: 122",0.714285714285714,0.96551724137931,0.833333333333334,0.933333333333333,0.833333333333333,0.714285714285714,0.769230769230769,0.194444444444444,0.138888888888889,0.166666666666667,0.839901477832512
"Class: 222",0.833333333333333,0.875,0.769230769230769,0.91304347826087,0.769230769230769,0.833333333333333,0.8,0.333333333333333,0.277777777777778,0.361111111111111,0.854166666666667
"Class: 322",1,0.933333333333333,0.75,1,0.75,1,0.857142857142857,0.166666666666667,0.166666666666667,0.222222222222222,0.966666666666667
"Class: 422",0.727272727272727,0.96,0.888888888888889,0.888888888888889,0.888888888888889,0.727272727272727,0.8,0.305555555555556,0.222222222222222,0.25,0.843636363636364
"Class: 123",0.714285714285714,0.96551724137931,0.833333333333334,0.933333333333333,0.833333333333333,0.714285714285714,0.769230769230769,0.194444444444444,0.138888888888889,0.166666666666667,0.839901477832512
"Class: 223",0.9375,0.85,0.833333333333333,0.944444444444444,0.833333333333333,0.9375,0.882352941176471,0.444444444444444,0.416666666666667,0.5,0.89375
"Class: 323",0.428571428571429,1,1,0.878787878787879,1,0.428571428571429,0.6,0.194444444444444,0.0833333333333333,0.0833333333333333,0.714285714285714
"Class: 423",0.666666666666667,0.833333333333333,0.444444444444444,0.925925925925926,0.444444444444444,0.666666666666667,0.533333333333333,0.166666666666667,0.111111111111111,0.25,0.75
"Class: 124",0.571428571428571,1,1,0.90625,1,0.571428571428571,0.727272727272727,0.194444444444444,0.111111111111111,0.111111111111111,0.785714285714286
"Class: 224",0.846153846153846,0.826086956521739,0.733333333333333,0.904761904761905,0.733333333333333,0.846153846153846,0.785714285714286,0.361111111111111,0.305555555555556,0.416666666666667,0.836120401337793
"Class: 324",0.857142857142857,0.827586206896552,0.545454545454545,0.96,0.545454545454545,0.857142857142857,0.666666666666667,0.194444444444444,0.166666666666667,0.305555555555556,0.842364532019704
"Class: 424",0.666666666666667,1,1,0.9,1,0.666666666666667,0.8,0.25,0.166666666666667,0.166666666666667,0.833333333333333
"Class: 125",0.833333333333333,0.966666666666667,0.833333333333333,0.966666666666667,0.833333333333333,0.833333333333333,0.833333333333333,0.166666666666667,0.138888888888889,0.166666666666667,0.9
"Class: 225",0.818181818181818,0.96,0.9,0.923076923076923,0.9,0.818181818181818,0.857142857142857,0.305555555555556,0.25,0.277777777777778,0.889090909090909
"Class: 325",0.888888888888889,0.888888888888889,0.727272727272727,0.96,0.727272727272727,0.888888888888889,0.8,0.25,0.222222222222222,0.305555555555556,0.888888888888889
"Class: 425",0.8,0.961538461538462,0.888888888888889,0.925925925925926,0.888888888888889,0.8,0.842105263157895,0.277777777777778,0.222222222222222,0.25,0.880769230769231
"Class: 126",0.714285714285714,0.96551724137931,0.833333333333334,0.933333333333333,0.833333333333333,0.714285714285714,0.769230769230769,0.194444444444444,0.138888888888889,0.166666666666667,0.839901477832512
"Class: 226",1,0.923076923076923,0.833333333333333,1,0.833333333333333,1,0.909090909090909,0.277777777777778,0.277777777777778,0.333333333333333,0.961538461538462
"Class: 326",0.625,0.964285714285714,0.833333333333333,0.9,0.833333333333333,0.625,0.714285714285714,0.222222222222222,0.138888888888889,0.166666666666667,0.794642857142857
"Class: 426",1,0.96,0.916666666666667,1,0.916666666666667,1,0.956521739130435,0.305555555555556,0.305555555555556,0.333333333333333,0.98
"Class: 127",0.8,0.967741935483871,0.8,0.967741935483871,0.8,0.8,0.8,0.138888888888889,0.111111111111111,0.138888888888889,0.883870967741936
"Class: 227",0.9,0.884615384615385,0.75,0.958333333333333,0.75,0.9,0.818181818181818,0.277777777777778,0.25,0.333333333333333,0.892307692307692
"Class: 327",0.888888888888889,0.962962962962963,0.888888888888889,0.962962962962963,0.888888888888889,0.888888888888889,0.888888888888889,0.25,0.222222222222222,0.25,0.925925925925926
"Class: 427",0.75,0.958333333333333,0.9,0.884615384615385,0.9,0.75,0.818181818181818,0.333333333333333,0.25,0.277777777777778,0.854166666666667
"Class: 128",0.75,0.964285714285714,0.857142857142857,0.931034482758621,0.857142857142857,0.75,0.8,0.222222222222222,0.166666666666667,0.194444444444444,0.857142857142857
"Class: 228",0.625,0.821428571428571,0.5,0.884615384615385,0.5,0.625,0.555555555555556,0.222222222222222,0.138888888888889,0.277777777777778,0.723214285714286
"Class: 328",0.625,0.857142857142857,0.555555555555555,0.888888888888889,0.555555555555556,0.625,0.588235294117647,0.222222222222222,0.138888888888889,0.25,0.741071428571429
"Class: 428",0.583333333333333,0.875,0.7,0.807692307692308,0.7,0.583333333333333,0.636363636363636,0.333333333333333,0.194444444444444,0.277777777777778,0.729166666666667
"Class: 129",0.7,0.961538461538462,0.875,0.892857142857143,0.875,0.7,0.777777777777778,0.277777777777778,0.194444444444444,0.222222222222222,0.830769230769231
"Class: 229",0.666666666666667,0.791666666666667,0.615384615384615,0.826086956521739,0.615384615384615,0.666666666666667,0.64,0.333333333333333,0.222222222222222,0.361111111111111,0.729166666666667
"Class: 329",0.857142857142857,0.96551724137931,0.857142857142857,0.96551724137931,0.857142857142857,0.857142857142857,0.857142857142857,0.194444444444444,0.166666666666667,0.194444444444444,0.911330049261084
"Class: 429",0.571428571428571,0.862068965517241,0.5,0.892857142857143,0.5,0.571428571428571,0.533333333333333,0.194444444444444,0.111111111111111,0.222222222222222,0.716748768472906
"Class: 130",0.375,0.964285714285714,0.75,0.84375,0.75,0.375,0.5,0.222222222222222,0.0833333333333333,0.111111111111111,0.669642857142857
"Class: 230",0.8,0.692307692307692,0.5,0.9,0.5,0.8,0.615384615384615,0.277777777777778,0.222222222222222,0.444444444444444,0.746153846153846
"Class: 330",0.625,0.821428571428571,0.5,0.884615384615385,0.5,0.625,0.555555555555556,0.222222222222222,0.138888888888889,0.277777777777778,0.723214285714286
"Class: 430",0.4,0.923076923076923,0.666666666666667,0.8,0.666666666666667,0.4,0.5,0.277777777777778,0.111111111111111,0.166666666666667,0.661538461538462
"Class: 131",0.5,0.966666666666667,0.75,0.90625,0.75,0.5,0.6,0.166666666666667,0.0833333333333333,0.111111111111111,0.733333333333333
"Class: 231",0.916666666666667,0.875,0.785714285714286,0.954545454545454,0.785714285714286,0.916666666666667,0.846153846153846,0.333333333333333,0.305555555555556,0.388888888888889,0.895833333333333
"Class: 331",0.625,0.892857142857143,0.625,0.892857142857143,0.625,0.625,0.625,0.222222222222222,0.138888888888889,0.222222222222222,0.758928571428571
"Class: 431",0.9,0.961538461538462,0.9,0.961538461538462,0.9,0.9,0.9,0.277777777777778,0.25,0.277777777777778,0.930769230769231
"Class: 132",0.875,0.964285714285714,0.875,0.964285714285714,0.875,0.875,0.875,0.222222222222222,0.194444444444444,0.222222222222222,0.919642857142857
"Class: 232",0.75,0.821428571428571,0.545454545454545,0.92,0.545454545454545,0.75,0.631578947368421,0.222222222222222,0.166666666666667,0.305555555555556,0.785714285714286
"Class: 332",0.444444444444444,0.888888888888889,0.571428571428571,0.827586206896552,0.571428571428571,0.444444444444444,0.5,0.25,0.111111111111111,0.194444444444444,0.666666666666667
"Class: 432",0.727272727272727,0.92,0.8,0.884615384615385,0.8,0.727272727272727,0.761904761904762,0.305555555555556,0.222222222222222,0.277777777777778,0.823636363636364
"Class: 133",0.75,0.928571428571429,0.75,0.928571428571428,0.75,0.75,0.75,0.222222222222222,0.166666666666667,0.222222222222222,0.839285714285714
"Class: 233",0.727272727272727,0.8,0.615384615384616,0.869565217391304,0.615384615384615,0.727272727272727,0.666666666666667,0.305555555555556,0.222222222222222,0.361111111111111,0.763636363636364
"Class: 333",0.8,0.870967741935484,0.5,0.964285714285714,0.5,0.8,0.615384615384615,0.138888888888889,0.111111111111111,0.222222222222222,0.835483870967742
"Class: 433",0.583333333333333,1,1,0.827586206896552,1,0.583333333333333,0.736842105263158,0.333333333333333,0.194444444444444,0.194444444444444,0.791666666666667
"Class: 134",0.875,0.928571428571429,0.777777777777778,0.962962962962963,0.777777777777778,0.875,0.823529411764706,0.222222222222222,0.194444444444444,0.25,0.901785714285714
"Class: 234",0.727272727272727,0.88,0.727272727272727,0.88,0.727272727272727,0.727272727272727,0.727272727272727,0.305555555555556,0.222222222222222,0.305555555555556,0.803636363636364
"Class: 334",0.666666666666667,0.966666666666667,0.8,0.935483870967742,0.8,0.666666666666667,0.727272727272727,0.166666666666667,0.111111111111111,0.138888888888889,0.816666666666667
"Class: 434",0.727272727272727,0.88,0.727272727272727,0.88,0.727272727272727,0.727272727272727,0.727272727272727,0.305555555555556,0.222222222222222,0.305555555555556,0.803636363636364
"Class: 135",0.428571428571429,0.96551724137931,0.75,0.875,0.75,0.428571428571429,0.545454545454545,0.194444444444444,0.0833333333333333,0.111111111111111,0.697044334975369
"Class: 235",0.888888888888889,0.777777777777778,0.571428571428572,0.954545454545454,0.571428571428571,0.888888888888889,0.695652173913043,0.25,0.222222222222222,0.388888888888889,0.833333333333333
"Class: 335",0.571428571428571,0.954545454545455,0.888888888888889,0.777777777777778,0.888888888888889,0.571428571428571,0.695652173913043,0.388888888888889,0.222222222222222,0.25,0.762987012987013
"Class: 435",0.666666666666667,0.833333333333333,0.444444444444444,0.925925925925926,0.444444444444444,0.666666666666667,0.533333333333333,0.166666666666667,0.111111111111111,0.25,0.75
"Class: 136",0.5,1,1,0.875,1,0.5,0.666666666666667,0.222222222222222,0.111111111111111,0.111111111111111,0.75
"Class: 236",0.909090909090909,0.96,0.909090909090909,0.96,0.909090909090909,0.909090909090909,0.909090909090909,0.305555555555556,0.277777777777778,0.305555555555556,0.934545454545455
"Class: 336",1,0.884615384615385,0.769230769230769,1,0.769230769230769,1,0.869565217391304,0.277777777777778,0.277777777777778,0.361111111111111,0.942307692307692
"Class: 436",0.857142857142857,0.931034482758621,0.75,0.964285714285714,0.75,0.857142857142857,0.8,0.194444444444444,0.166666666666667,0.222222222222222,0.894088669950739
"Class: 137",0.714285714285714,1,1,0.935483870967742,1,0.714285714285714,0.833333333333333,0.194444444444444,0.138888888888889,0.138888888888889,0.857142857142857
"Class: 237",1,0.888888888888889,0.75,1,0.75,1,0.857142857142857,0.25,0.25,0.333333333333333,0.944444444444444
"Class: 337",1,0.962962962962963,0.9,1,0.9,1,0.947368421052632,0.25,0.25,0.277777777777778,0.981481481481481
"Class: 437",0.818181818181818,1,1,0.925925925925926,1,0.818181818181818,0.9,0.305555555555556,0.25,0.25,0.909090909090909
"Class: 138",0.888888888888889,1,1,0.964285714285714,1,0.888888888888889,0.941176470588235,0.25,0.222222222222222,0.222222222222222,0.944444444444444
"Class: 238",0.75,0.958333333333333,0.9,0.884615384615385,0.9,0.75,0.818181818181818,0.333333333333333,0.25,0.277777777777778,0.854166666666667
"Class: 338",0.875,0.928571428571429,0.777777777777778,0.962962962962963,0.777777777777778,0.875,0.823529411764706,0.222222222222222,0.194444444444444,0.25,0.901785714285714
"Class: 438",0.857142857142857,0.896551724137931,0.666666666666667,0.962962962962963,0.666666666666667,0.857142857142857,0.75,0.194444444444444,0.166666666666667,0.25,0.876847290640394
"Class: 139",0.75,0.892857142857143,0.666666666666667,0.925925925925926,0.666666666666667,0.75,0.705882352941177,0.222222222222222,0.166666666666667,0.25,0.821428571428571
"Class: 239",0.875,0.821428571428571,0.583333333333333,0.958333333333333,0.583333333333333,0.875,0.7,0.222222222222222,0.194444444444444,0.333333333333333,0.848214285714286
"Class: 339",0.625,0.928571428571429,0.714285714285714,0.896551724137931,0.714285714285714,0.625,0.666666666666667,0.222222222222222,0.138888888888889,0.194444444444444,0.776785714285714
"Class: 439",0.5,0.916666666666667,0.75,0.785714285714286,0.75,0.5,0.6,0.333333333333333,0.166666666666667,0.222222222222222,0.708333333333333
"Class: 140",0.666666666666667,0.966666666666667,0.8,0.935483870967742,0.8,0.666666666666667,0.727272727272727,0.166666666666667,0.111111111111111,0.138888888888889,0.816666666666667
"Class: 240",0.9,0.769230769230769,0.6,0.952380952380952,0.6,0.9,0.72,0.277777777777778,0.25,0.416666666666667,0.834615384615385
"Class: 340",0.666666666666667,0.958333333333333,0.888888888888889,0.851851851851852,0.888888888888889,0.666666666666667,0.761904761904762,0.333333333333333,0.222222222222222,0.25,0.8125
"Class: 440",0.625,0.928571428571429,0.714285714285714,0.896551724137931,0.714285714285714,0.625,0.666666666666667,0.222222222222222,0.138888888888889,0.194444444444444,0.776785714285714
"Class: 141",0.571428571428571,0.931034482758621,0.666666666666667,0.9,0.666666666666667,0.571428571428571,0.615384615384615,0.194444444444444,0.111111111111111,0.166666666666667,0.751231527093596
"Class: 241",1,0.88,0.785714285714286,1,0.785714285714286,1,0.88,0.305555555555556,0.305555555555556,0.388888888888889,0.94
"Class: 341",0.666666666666667,0.875,0.727272727272727,0.84,0.727272727272727,0.666666666666667,0.695652173913043,0.333333333333333,0.222222222222222,0.305555555555556,0.770833333333333
"Class: 441",0.833333333333333,1,1,0.967741935483871,1,0.833333333333333,0.909090909090909,0.166666666666667,0.138888888888889,0.138888888888889,0.916666666666667
"Class: 142",0.875,0.964285714285714,0.875,0.964285714285714,0.875,0.875,0.875,0.222222222222222,0.194444444444444,0.222222222222222,0.919642857142857
"Class: 242",1,0.851851851851852,0.692307692307692,1,0.692307692307692,1,0.818181818181818,0.25,0.25,0.361111111111111,0.925925925925926
"Class: 342",0.428571428571429,1,1,0.878787878787879,1,0.428571428571429,0.6,0.194444444444444,0.0833333333333333,0.0833333333333333,0.714285714285714
"Class: 442",0.833333333333333,0.916666666666667,0.833333333333333,0.916666666666667,0.833333333333333,0.833333333333333,0.833333333333333,0.333333333333333,0.277777777777778,0.333333333333333,0.875
"Class: 143",0.333333333333333,1,1,0.818181818181818,1,0.333333333333333,0.5,0.25,0.0833333333333333,0.0833333333333333,0.666666666666667
"Class: 243",0.769230769230769,0.869565217391304,0.769230769230769,0.869565217391304,0.769230769230769,0.769230769230769,0.769230769230769,0.361111111111111,0.277777777777778,0.361111111111111,0.819397993311037
"Class: 343",1,0.833333333333333,0.545454545454546,1,0.545454545454545,1,0.705882352941176,0.166666666666667,0.166666666666667,0.305555555555556,0.916666666666667
"Class: 443",0.75,0.892857142857143,0.666666666666667,0.925925925925926,0.666666666666667,0.75,0.705882352941177,0.222222222222222,0.166666666666667,0.25,0.821428571428571
"Class: 144",0.375,0.964285714285714,0.75,0.84375,0.75,0.375,0.5,0.222222222222222,0.0833333333333333,0.111111111111111,0.669642857142857
"Class: 244",0.818181818181818,0.8,0.642857142857143,0.909090909090909,0.642857142857143,0.818181818181818,0.72,0.305555555555556,0.25,0.388888888888889,0.809090909090909
"Class: 344",0.625,0.928571428571429,0.714285714285714,0.896551724137931,0.714285714285714,0.625,0.666666666666667,0.222222222222222,0.138888888888889,0.194444444444444,0.776785714285714
"Class: 444",0.888888888888889,0.888888888888889,0.727272727272727,0.96,0.727272727272727,0.888888888888889,0.8,0.25,0.222222222222222,0.305555555555556,0.888888888888889
"Class: 145",0.714285714285714,1,1,0.935483870967742,1,0.714285714285714,0.833333333333333,0.194444444444444,0.138888888888889,0.138888888888889,0.857142857142857
"Class: 245",0.9,0.807692307692308,0.642857142857143,0.954545454545454,0.642857142857143,0.9,0.75,0.277777777777778,0.25,0.388888888888889,0.853846153846154
"Class: 345",0.666666666666667,0.9,0.571428571428572,0.931034482758621,0.571428571428571,0.666666666666667,0.615384615384615,0.166666666666667,0.111111111111111,0.194444444444444,0.783333333333333
"Class: 445",0.615384615384615,0.91304347826087,0.8,0.807692307692308,0.8,0.615384615384615,0.695652173913043,0.361111111111111,0.222222222222222,0.277777777777778,0.764214046822743
"Class: 146",0.333333333333333,0.966666666666667,0.666666666666667,0.878787878787879,0.666666666666667,0.333333333333333,0.444444444444444,0.166666666666667,0.0555555555555556,0.0833333333333333,0.65
"Class: 246",1,0.821428571428571,0.615384615384615,1,0.615384615384615,1,0.761904761904762,0.222222222222222,0.222222222222222,0.361111111111111,0.910714285714286
"Class: 346",0.5,0.821428571428571,0.444444444444444,0.851851851851852,0.444444444444444,0.5,0.470588235294118,0.222222222222222,0.111111111111111,0.25,0.660714285714286
"Class: 446",0.714285714285714,0.954545454545455,0.909090909090909,0.84,0.909090909090909,0.714285714285714,0.8,0.388888888888889,0.277777777777778,0.305555555555556,0.834415584415584
"Class: 147",0.625,0.964285714285714,0.833333333333333,0.9,0.833333333333333,0.625,0.714285714285714,0.222222222222222,0.138888888888889,0.166666666666667,0.794642857142857
"Class: 247",0.75,0.875,0.75,0.875,0.75,0.75,0.75,0.333333333333333,0.25,0.333333333333333,0.8125
"Class: 347",0.6,0.838709677419355,0.375,0.928571428571429,0.375,0.6,0.461538461538462,0.138888888888889,0.0833333333333333,0.222222222222222,0.719354838709677
"Class: 447",0.636363636363636,0.88,0.7,0.846153846153846,0.7,0.636363636363636,0.666666666666667,0.305555555555556,0.194444444444444,0.277777777777778,0.758181818181818
"Class: 148",0.833333333333333,0.966666666666667,0.833333333333333,0.966666666666667,0.833333333333333,0.833333333333333,0.833333333333333,0.166666666666667,0.138888888888889,0.166666666666667,0.9
"Class: 248",0.928571428571429,0.909090909090909,0.866666666666667,0.952380952380952,0.866666666666667,0.928571428571429,0.896551724137931,0.388888888888889,0.361111111111111,0.416666666666667,0.918831168831169
"Class: 348",0.714285714285714,0.931034482758621,0.714285714285714,0.931034482758621,0.714285714285714,0.714285714285714,0.714285714285714,0.194444444444444,0.138888888888889,0.194444444444444,0.822660098522167
"Class: 448",0.777777777777778,0.962962962962963,0.875,0.928571428571428,0.875,0.777777777777778,0.823529411764706,0.25,0.194444444444444,0.222222222222222,0.87037037037037
"Class: 149",0.5,1,1,0.941176470588235,1,0.5,0.666666666666667,0.111111111111111,0.0555555555555556,0.0555555555555556,0.75
"Class: 249",0.923076923076923,0.695652173913043,0.631578947368421,0.941176470588235,0.631578947368421,0.923076923076923,0.75,0.361111111111111,0.333333333333333,0.527777777777778,0.809364548494983
"Class: 349",0.333333333333333,0.866666666666667,0.333333333333333,0.866666666666667,0.333333333333333,0.333333333333333,0.333333333333333,0.166666666666667,0.0555555555555556,0.166666666666667,0.6
"Class: 449",0.615384615384615,0.956521739130435,0.888888888888889,0.814814814814815,0.888888888888889,0.615384615384615,0.727272727272727,0.361111111111111,0.222222222222222,0.25,0.785953177257525
"Class: 150",0.571428571428571,1,1,0.90625,1,0.571428571428571,0.727272727272727,0.194444444444444,0.111111111111111,0.111111111111111,0.785714285714286
"Class: 250",0.9,0.846153846153846,0.692307692307692,0.956521739130435,0.692307692307692,0.9,0.782608695652174,0.277777777777778,0.25,0.361111111111111,0.873076923076923
"Class: 350",0.875,0.892857142857143,0.7,0.961538461538462,0.7,0.875,0.777777777777778,0.222222222222222,0.194444444444444,0.277777777777778,0.883928571428571
"Class: 450",0.636363636363636,0.92,0.777777777777778,0.851851851851852,0.777777777777778,0.636363636363636,0.7,0.305555555555556,0.194444444444444,0.25,0.778181818181818
"Class: 151",0.833333333333333,0.9,0.625,0.964285714285714,0.625,0.833333333333333,0.714285714285714,0.166666666666667,0.138888888888889,0.222222222222222,0.866666666666667
"Class: 251",0.8,0.769230769230769,0.571428571428572,0.909090909090909,0.571428571428571,0.8,0.666666666666667,0.277777777777778,0.222222222222222,0.388888888888889,0.784615384615385
"Class: 351",0.692307692307692,1,1,0.851851851851852,1,0.692307692307692,0.818181818181818,0.361111111111111,0.25,0.25,0.846153846153846
"Class: 451",0.714285714285714,1,1,0.935483870967742,1,0.714285714285714,0.833333333333333,0.194444444444444,0.138888888888889,0.138888888888889,0.857142857142857
"Class: 152",0.6,1,1,0.939393939393939,1,0.6,0.75,0.138888888888889,0.0833333333333333,0.0833333333333333,0.8
"Class: 252",0.833333333333333,0.791666666666667,0.666666666666667,0.904761904761905,0.666666666666667,0.833333333333333,0.740740740740741,0.333333333333333,0.277777777777778,0.416666666666667,0.8125
"Class: 352",0.555555555555556,0.962962962962963,0.833333333333333,0.866666666666667,0.833333333333333,0.555555555555556,0.666666666666667,0.25,0.138888888888889,0.166666666666667,0.759259259259259
"Class: 452",0.9,0.884615384615385,0.75,0.958333333333333,0.75,0.9,0.818181818181818,0.277777777777778,0.25,0.333333333333333,0.892307692307692
"Class: 153",0.6,0.923076923076923,0.75,0.857142857142857,0.75,0.6,0.666666666666667,0.277777777777778,0.166666666666667,0.222222222222222,0.761538461538461
"Class: 253",1,0.848484848484849,0.375,1,0.375,1,0.545454545454545,0.0833333333333333,0.0833333333333333,0.222222222222222,0.924242424242424
"Class: 353",0.666666666666667,0.952380952380952,0.909090909090909,0.8,0.909090909090909,0.666666666666667,0.769230769230769,0.416666666666667,0.277777777777778,0.305555555555556,0.80952380952381
"Class: 453",0.875,0.928571428571429,0.777777777777778,0.962962962962963,0.777777777777778,0.875,0.823529411764706,0.222222222222222,0.194444444444444,0.25,0.901785714285714
"Class: 154",1,0.9375,0.666666666666667,1,0.666666666666667,1,0.8,0.111111111111111,0.111111111111111,0.166666666666667,0.96875
"Class: 254",0.75,0.833333333333333,0.692307692307692,0.869565217391304,0.692307692307692,0.75,0.72,0.333333333333333,0.25,0.361111111111111,0.791666666666667
"Class: 354",0.571428571428571,0.896551724137931,0.571428571428572,0.896551724137931,0.571428571428571,0.571428571428571,0.571428571428571,0.194444444444444,0.111111111111111,0.194444444444444,0.733990147783251
"Class: 454",0.615384615384615,0.91304347826087,0.8,0.807692307692308,0.8,0.615384615384615,0.695652173913043,0.361111111111111,0.222222222222222,0.277777777777778,0.764214046822743
"Class: 155",0.6,1,1,0.939393939393939,1,0.6,0.75,0.138888888888889,0.0833333333333333,0.0833333333333333,0.8
"Class: 255",0.6,0.807692307692308,0.545454545454546,0.84,0.545454545454545,0.6,0.571428571428571,0.277777777777778,0.166666666666667,0.305555555555556,0.703846153846154
"Class: 355",0.636363636363636,0.88,0.7,0.846153846153846,0.7,0.636363636363636,0.666666666666667,0.305555555555556,0.194444444444444,0.277777777777778,0.758181818181818
"Class: 455",0.8,0.846153846153846,0.666666666666667,0.916666666666667,0.666666666666667,0.8,0.727272727272727,0.277777777777778,0.222222222222222,0.333333333333333,0.823076923076923
"Class: 156",0.4,0.967741935483871,0.666666666666667,0.909090909090909,0.666666666666667,0.4,0.5,0.138888888888889,0.0555555555555556,0.0833333333333333,0.683870967741935
"Class: 256",0.833333333333333,0.875,0.769230769230769,0.91304347826087,0.769230769230769,0.833333333333333,0.8,0.333333333333333,0.277777777777778,0.361111111111111,0.854166666666667
"Class: 356",0.8,0.884615384615385,0.727272727272727,0.92,0.727272727272727,0.8,0.761904761904762,0.277777777777778,0.222222222222222,0.305555555555556,0.842307692307692
"Class: 456",0.777777777777778,0.925925925925926,0.777777777777778,0.925925925925926,0.777777777777778,0.777777777777778,0.777777777777778,0.25,0.194444444444444,0.25,0.851851851851852
"Class: 157",0.571428571428571,0.96551724137931,0.8,0.903225806451613,0.8,0.571428571428571,0.666666666666667,0.194444444444444,0.111111111111111,0.138888888888889,0.768472906403941
"Class: 257",0.9,0.769230769230769,0.6,0.952380952380952,0.6,0.9,0.72,0.277777777777778,0.25,0.416666666666667,0.834615384615385
"Class: 357",0.545454545454545,0.96,0.857142857142857,0.827586206896552,0.857142857142857,0.545454545454545,0.666666666666667,0.305555555555556,0.166666666666667,0.194444444444444,0.752727272727273
"Class: 457",0.75,0.892857142857143,0.666666666666667,0.925925925925926,0.666666666666667,0.75,0.705882352941177,0.222222222222222,0.166666666666667,0.25,0.821428571428571
"Class: 158",0.666666666666667,0.966666666666667,0.8,0.935483870967742,0.8,0.666666666666667,0.727272727272727,0.166666666666667,0.111111111111111,0.138888888888889,0.816666666666667
"Class: 258",0.857142857142857,0.909090909090909,0.857142857142857,0.909090909090909,0.857142857142857,0.857142857142857,0.857142857142857,0.388888888888889,0.333333333333333,0.388888888888889,0.883116883116883
"Class: 358",0.666666666666667,0.888888888888889,0.666666666666667,0.888888888888889,0.666666666666667,0.666666666666667,0.666666666666667,0.25,0.166666666666667,0.25,0.777777777777778
"Class: 458",0.714285714285714,0.896551724137931,0.625,0.928571428571428,0.625,0.714285714285714,0.666666666666667,0.194444444444444,0.138888888888889,0.222222222222222,0.805418719211823
"Class: 159",0.4,1,1,0.8125,1,0.4,0.571428571428572,0.277777777777778,0.111111111111111,0.111111111111111,0.7
"Class: 259",0.75,0.916666666666667,0.818181818181818,0.88,0.818181818181818,0.75,0.782608695652174,0.333333333333333,0.25,0.305555555555556,0.833333333333333
"Class: 359",0.6,0.838709677419355,0.375,0.928571428571429,0.375,0.6,0.461538461538462,0.138888888888889,0.0833333333333333,0.222222222222222,0.719354838709677
"Class: 459",0.888888888888889,0.814814814814815,0.615384615384615,0.956521739130435,0.615384615384615,0.888888888888889,0.727272727272727,0.25,0.222222222222222,0.361111111111111,0.851851851851852
"Class: 160",1,0.939393939393939,0.6,1,0.6,1,0.75,0.0833333333333333,0.0833333333333333,0.138888888888889,0.96969696969697
"Class: 260",0.769230769230769,0.739130434782609,0.625,0.85,0.625,0.769230769230769,0.689655172413793,0.361111111111111,0.277777777777778,0.444444444444444,0.754180602006689
"Class: 360",0.666666666666667,1,1,0.807692307692308,1,0.666666666666667,0.8,0.416666666666667,0.277777777777778,0.277777777777778,0.833333333333333
"Class: 460",0.2,0.870967741935484,0.2,0.870967741935484,0.2,0.2,0.2,0.138888888888889,0.0277777777777778,0.138888888888889,0.535483870967742
"Class: 161",0.2,1,1,0.885714285714286,1,0.2,0.333333333333333,0.138888888888889,0.0277777777777778,0.0277777777777778,0.6
"Class: 261",0.933333333333333,0.80952380952381,0.777777777777778,0.944444444444444,0.777777777777778,0.933333333333333,0.848484848484849,0.416666666666667,0.388888888888889,0.5,0.871428571428571
"Class: 361",1,0.9,0.666666666666667,1,0.666666666666667,1,0.8,0.166666666666667,0.166666666666667,0.25,0.95
"Class: 461",0.6,0.923076923076923,0.75,0.857142857142857,0.75,0.6,0.666666666666667,0.277777777777778,0.166666666666667,0.222222222222222,0.761538461538461
"Class: 162",0.833333333333333,0.966666666666667,0.833333333333333,0.966666666666667,0.833333333333333,0.833333333333333,0.833333333333333,0.166666666666667,0.138888888888889,0.166666666666667,0.9
"Class: 262",1,0.928571428571429,0.8,1,0.8,1,0.888888888888889,0.222222222222222,0.222222222222222,0.277777777777778,0.964285714285714
"Class: 362",0.7,0.923076923076923,0.777777777777778,0.888888888888889,0.777777777777778,0.7,0.736842105263158,0.277777777777778,0.194444444444444,0.25,0.811538461538462
"Class: 462",0.75,0.916666666666667,0.818181818181818,0.88,0.818181818181818,0.75,0.782608695652174,0.333333333333333,0.25,0.305555555555556,0.833333333333333
"Class: 163",0.625,1,1,0.903225806451613,1,0.625,0.769230769230769,0.222222222222222,0.138888888888889,0.138888888888889,0.8125
"Class: 263",0.888888888888889,0.814814814814815,0.615384615384615,0.956521739130435,0.615384615384615,0.888888888888889,0.727272727272727,0.25,0.222222222222222,0.361111111111111,0.851851851851852
"Class: 363",0.857142857142857,0.827586206896552,0.545454545454545,0.96,0.545454545454545,0.857142857142857,0.666666666666667,0.194444444444444,0.166666666666667,0.305555555555556,0.842364532019704
"Class: 463",0.583333333333333,1,1,0.827586206896552,1,0.583333333333333,0.736842105263158,0.333333333333333,0.194444444444444,0.194444444444444,0.791666666666667
"Class: 164",0.555555555555556,1,1,0.870967741935484,1,0.555555555555556,0.714285714285714,0.25,0.138888888888889,0.138888888888889,0.777777777777778
"Class: 264",0.888888888888889,0.814814814814815,0.615384615384615,0.956521739130435,0.615384615384615,0.888888888888889,0.727272727272727,0.25,0.222222222222222,0.361111111111111,0.851851851851852
"Class: 364",0.75,0.857142857142857,0.6,0.923076923076923,0.6,0.75,0.666666666666667,0.222222222222222,0.166666666666667,0.277777777777778,0.803571428571429
"Class: 464",0.5,0.884615384615385,0.625,0.821428571428572,0.625,0.5,0.555555555555556,0.277777777777778,0.138888888888889,0.222222222222222,0.692307692307692
"Class: 165",0.5,0.90625,0.4,0.935483870967742,0.4,0.5,0.444444444444444,0.111111111111111,0.0555555555555556,0.138888888888889,0.703125
"Class: 265",0.769230769230769,0.826086956521739,0.714285714285714,0.863636363636364,0.714285714285714,0.769230769230769,0.740740740740741,0.361111111111111,0.277777777777778,0.388888888888889,0.797658862876254
"Class: 365",0.6,0.846153846153846,0.6,0.846153846153846,0.6,0.6,0.6,0.277777777777778,0.166666666666667,0.277777777777778,0.723076923076923
"Class: 465",0.555555555555556,0.925925925925926,0.714285714285714,0.862068965517241,0.714285714285714,0.555555555555556,0.625,0.25,0.138888888888889,0.194444444444444,0.740740740740741
"Class: 166",0.714285714285714,0.96551724137931,0.833333333333334,0.933333333333333,0.833333333333333,0.714285714285714,0.769230769230769,0.194444444444444,0.138888888888889,0.166666666666667,0.839901477832512
"Class: 266",0.8,0.884615384615385,0.727272727272727,0.92,0.727272727272727,0.8,0.761904761904762,0.277777777777778,0.222222222222222,0.305555555555556,0.842307692307692
"Class: 366",0.777777777777778,0.925925925925926,0.777777777777778,0.925925925925926,0.777777777777778,0.777777777777778,0.777777777777778,0.25,0.194444444444444,0.25,0.851851851851852
"Class: 466",0.7,0.884615384615385,0.7,0.884615384615385,0.7,0.7,0.7,0.277777777777778,0.194444444444444,0.277777777777778,0.792307692307692
"Class: 167",0.5,0.961538461538462,0.833333333333333,0.833333333333333,0.833333333333333,0.5,0.625,0.277777777777778,0.138888888888889,0.166666666666667,0.730769230769231
"Class: 267",0.777777777777778,0.740740740740741,0.5,0.909090909090909,0.5,0.777777777777778,0.608695652173913,0.25,0.194444444444444,0.388888888888889,0.759259259259259
"Class: 367",0.833333333333333,0.866666666666667,0.555555555555556,0.962962962962963,0.555555555555556,0.833333333333333,0.666666666666667,0.166666666666667,0.138888888888889,0.25,0.85
"Class: 467",0.636363636363636,1,1,0.862068965517241,1,0.636363636363636,0.777777777777778,0.305555555555556,0.194444444444444,0.194444444444444,0.818181818181818
"Class: 168",0.333333333333333,0.966666666666667,0.666666666666667,0.878787878787879,0.666666666666667,0.333333333333333,0.444444444444444,0.166666666666667,0.0555555555555556,0.0833333333333333,0.65
"Class: 268",0.727272727272727,0.88,0.727272727272727,0.88,0.727272727272727,0.727272727272727,0.727272727272727,0.305555555555556,0.222222222222222,0.305555555555556,0.803636363636364
"Class: 368",0.666666666666667,0.740740740740741,0.461538461538461,0.869565217391304,0.461538461538462,0.666666666666667,0.545454545454546,0.25,0.166666666666667,0.361111111111111,0.703703703703704
"Class: 468",0.7,0.923076923076923,0.777777777777778,0.888888888888889,0.777777777777778,0.7,0.736842105263158,0.277777777777778,0.194444444444444,0.25,0.811538461538462
"Class: 169",0.7,0.961538461538462,0.875,0.892857142857143,0.875,0.7,0.777777777777778,0.277777777777778,0.194444444444444,0.222222222222222,0.830769230769231
"Class: 269",0.882352941176471,0.947368421052632,0.9375,0.9,0.9375,0.882352941176471,0.909090909090909,0.472222222222222,0.416666666666667,0.444444444444444,0.914860681114551
"Class: 369",0.666666666666667,0.909090909090909,0.4,0.967741935483871,0.4,0.666666666666667,0.5,0.0833333333333333,0.0555555555555556,0.138888888888889,0.787878787878788
"Class: 469",0.833333333333333,0.933333333333333,0.714285714285714,0.96551724137931,0.714285714285714,0.833333333333333,0.769230769230769,0.166666666666667,0.138888888888889,0.194444444444444,0.883333333333333
"Class: 170",0.571428571428571,0.931034482758621,0.666666666666667,0.9,0.666666666666667,0.571428571428571,0.615384615384615,0.194444444444444,0.111111111111111,0.166666666666667,0.751231527093596
"Class: 270",0.928571428571429,0.818181818181818,0.764705882352941,0.947368421052632,0.764705882352941,0.928571428571429,0.838709677419355,0.388888888888889,0.361111111111111,0.472222222222222,0.873376623376623
"Class: 370",0.6,0.903225806451613,0.5,0.933333333333333,0.5,0.6,0.545454545454545,0.138888888888889,0.0833333333333333,0.166666666666667,0.751612903225806
"Class: 470",0.5,0.923076923076923,0.714285714285714,0.827586206896552,0.714285714285714,0.5,0.588235294117647,0.277777777777778,0.138888888888889,0.194444444444444,0.711538461538462
"Class: 171",0.8,0.903225806451613,0.571428571428571,0.96551724137931,0.571428571428571,0.8,0.666666666666667,0.138888888888889,0.111111111111111,0.194444444444444,0.851612903225806
"Class: 271",0.857142857142857,0.863636363636364,0.8,0.904761904761905,0.8,0.857142857142857,0.827586206896552,0.388888888888889,0.333333333333333,0.416666666666667,0.86038961038961
"Class: 371",0.5,0.964285714285714,0.8,0.870967741935484,0.8,0.5,0.615384615384615,0.222222222222222,0.111111111111111,0.138888888888889,0.732142857142857
"Class: 471",0.666666666666667,0.888888888888889,0.666666666666667,0.888888888888889,0.666666666666667,0.666666666666667,0.666666666666667,0.25,0.166666666666667,0.25,0.777777777777778
"Class: 172",0.666666666666667,0.933333333333333,0.666666666666667,0.933333333333333,0.666666666666667,0.666666666666667,0.666666666666667,0.166666666666667,0.111111111111111,0.166666666666667,0.8
"Class: 272",0.818181818181818,0.96,0.9,0.923076923076923,0.9,0.818181818181818,0.857142857142857,0.305555555555556,0.25,0.277777777777778,0.889090909090909
"Class: 372",0.833333333333333,0.933333333333333,0.714285714285714,0.96551724137931,0.714285714285714,0.833333333333333,0.769230769230769,0.166666666666667,0.138888888888889,0.194444444444444,0.883333333333333
"Class: 472",0.769230769230769,0.869565217391304,0.769230769230769,0.869565217391304,0.769230769230769,0.769230769230769,0.769230769230769,0.361111111111111,0.277777777777778,0.361111111111111,0.819397993311037
"Class: 173",0.625,0.964285714285714,0.833333333333333,0.9,0.833333333333333,0.625,0.714285714285714,0.222222222222222,0.138888888888889,0.166666666666667,0.794642857142857
"Class: 273",0.8,0.730769230769231,0.533333333333333,0.904761904761905,0.533333333333333,0.8,0.64,0.277777777777778,0.222222222222222,0.416666666666667,0.765384615384615
"Class: 373",0.666666666666667,0.925925925925926,0.75,0.892857142857143,0.75,0.666666666666667,0.705882352941177,0.25,0.166666666666667,0.222222222222222,0.796296296296296
"Class: 473",0.555555555555556,0.925925925925926,0.714285714285714,0.862068965517241,0.714285714285714,0.555555555555556,0.625,0.25,0.138888888888889,0.194444444444444,0.740740740740741
"Class: 174",0.714285714285714,1,1,0.935483870967742,1,0.714285714285714,0.833333333333333,0.194444444444444,0.138888888888889,0.138888888888889,0.857142857142857
"Class: 274",0.777777777777778,0.888888888888889,0.7,0.923076923076923,0.7,0.777777777777778,0.736842105263158,0.25,0.194444444444444,0.277777777777778,0.833333333333333
"Class: 374",0.75,0.821428571428571,0.545454545454545,0.92,0.545454545454545,0.75,0.631578947368421,0.222222222222222,0.166666666666667,0.305555555555556,0.785714285714286
"Class: 474",0.666666666666667,0.916666666666667,0.8,0.846153846153846,0.8,0.666666666666667,0.727272727272727,0.333333333333333,0.222222222222222,0.277777777777778,0.791666666666667
"Class: 175",0.777777777777778,1,1,0.931034482758621,1,0.777777777777778,0.875,0.25,0.194444444444444,0.194444444444444,0.888888888888889
"Class: 275",0.8,0.807692307692308,0.615384615384615,0.91304347826087,0.615384615384615,0.8,0.695652173913043,0.277777777777778,0.222222222222222,0.361111111111111,0.803846153846154
"Class: 375",0.8,0.903225806451613,0.571428571428571,0.96551724137931,0.571428571428571,0.8,0.666666666666667,0.138888888888889,0.111111111111111,0.194444444444444,0.851612903225806
"Class: 475",0.583333333333333,0.916666666666667,0.777777777777778,0.814814814814815,0.777777777777778,0.583333333333333,0.666666666666667,0.333333333333333,0.194444444444444,0.25,0.75
"Class: 176",0.8,1,1,0.96875,1,0.8,0.888888888888889,0.138888888888889,0.111111111111111,0.111111111111111,0.9
"Class: 276",0.9,0.923076923076923,0.818181818181818,0.96,0.818181818181818,0.9,0.857142857142857,0.277777777777778,0.25,0.305555555555556,0.911538461538462
"Class: 376",1,0.833333333333333,0.545454545454546,1,0.545454545454545,1,0.705882352941176,0.166666666666667,0.166666666666667,0.305555555555556,0.916666666666667
"Class: 476",0.6,0.952380952380952,0.9,0.769230769230769,0.9,0.6,0.72,0.416666666666667,0.25,0.277777777777778,0.776190476190476
"Class: 177",0.75,1,1,0.96969696969697,1,0.75,0.857142857142857,0.111111111111111,0.0833333333333333,0.0833333333333333,0.875
"Class: 277",0.928571428571429,0.727272727272727,0.684210526315789,0.941176470588235,0.684210526315789,0.928571428571429,0.787878787878788,0.388888888888889,0.361111111111111,0.527777777777778,0.827922077922078
"Class: 377",0.285714285714286,0.931034482758621,0.5,0.84375,0.5,0.285714285714286,0.363636363636364,0.194444444444444,0.0555555555555556,0.111111111111111,0.608374384236453
"Class: 477",0.545454545454545,0.84,0.6,0.807692307692308,0.6,0.545454545454545,0.571428571428571,0.305555555555556,0.166666666666667,0.277777777777778,0.692727272727273
"Class: 178",0.444444444444444,1,1,0.84375,1,0.444444444444444,0.615384615384615,0.25,0.111111111111111,0.111111111111111,0.722222222222222
"Class: 278",1,0.785714285714286,0.571428571428571,1,0.571428571428571,1,0.727272727272727,0.222222222222222,0.222222222222222,0.388888888888889,0.892857142857143
"Class: 378",0.888888888888889,0.851851851851852,0.666666666666667,0.958333333333333,0.666666666666667,0.888888888888889,0.761904761904762,0.25,0.222222222222222,0.333333333333333,0.87037037037037
"Class: 478",0.6,1,1,0.866666666666667,1,0.6,0.75,0.277777777777778,0.166666666666667,0.166666666666667,0.8
"Class: 179",0.5,1,1,0.875,1,0.5,0.666666666666667,0.222222222222222,0.111111111111111,0.111111111111111,0.75
"Class: 279",1,0.833333333333333,0.545454545454546,1,0.545454545454545,1,0.705882352941176,0.166666666666667,0.166666666666667,0.305555555555556,0.916666666666667
"Class: 379",1,0.964285714285714,0.888888888888889,1,0.888888888888889,1,0.941176470588235,0.222222222222222,0.222222222222222,0.25,0.982142857142857
"Class: 479",0.785714285714286,0.954545454545455,0.916666666666667,0.875,0.916666666666667,0.785714285714286,0.846153846153846,0.388888888888889,0.305555555555556,0.333333333333333,0.87012987012987
"Class: 180",0.666666666666667,0.966666666666667,0.8,0.935483870967742,0.8,0.666666666666667,0.727272727272727,0.166666666666667,0.111111111111111,0.138888888888889,0.816666666666667
"Class: 280",0.785714285714286,0.954545454545455,0.916666666666667,0.875,0.916666666666667,0.785714285714286,0.846153846153846,0.388888888888889,0.305555555555556,0.333333333333333,0.87012987012987
"Class: 380",0.75,0.785714285714286,0.5,0.916666666666667,0.5,0.75,0.6,0.222222222222222,0.166666666666667,0.333333333333333,0.767857142857143
"Class: 480",0.75,0.964285714285714,0.857142857142857,0.931034482758621,0.857142857142857,0.75,0.8,0.222222222222222,0.166666666666667,0.194444444444444,0.857142857142857
"Class: 181",1,0.903225806451613,0.625,1,0.625,1,0.769230769230769,0.138888888888889,0.138888888888889,0.222222222222222,0.951612903225806
"Class: 281",0.666666666666667,0.916666666666667,0.8,0.846153846153846,0.8,0.666666666666667,0.727272727272727,0.333333333333333,0.222222222222222,0.277777777777778,0.791666666666667
"Class: 381",0.5,0.884615384615385,0.625,0.821428571428572,0.625,0.5,0.555555555555556,0.277777777777778,0.138888888888889,0.222222222222222,0.692307692307692
"Class: 481",0.777777777777778,0.888888888888889,0.7,0.923076923076923,0.7,0.777777777777778,0.736842105263158,0.25,0.194444444444444,0.277777777777778,0.833333333333333
"Class: 182",0.363636363636364,1,1,0.78125,1,0.363636363636364,0.533333333333333,0.305555555555556,0.111111111111111,0.111111111111111,0.681818181818182
"Class: 282",0.857142857142857,0.724137931034483,0.428571428571429,0.954545454545454,0.428571428571429,0.857142857142857,0.571428571428571,0.194444444444444,0.166666666666667,0.388888888888889,0.79064039408867
"Class: 382",0.666666666666667,0.962962962962963,0.857142857142857,0.896551724137931,0.857142857142857,0.666666666666667,0.75,0.25,0.166666666666667,0.194444444444444,0.814814814814815
"Class: 482",0.666666666666667,0.814814814814815,0.545454545454545,0.88,0.545454545454545,0.666666666666667,0.6,0.25,0.166666666666667,0.305555555555556,0.740740740740741
"Class: 183",0.571428571428571,1,1,0.90625,1,0.571428571428571,0.727272727272727,0.194444444444444,0.111111111111111,0.111111111111111,0.785714285714286
"Class: 283",1,0.92,0.846153846153846,1,0.846153846153846,1,0.916666666666667,0.305555555555556,0.305555555555556,0.361111111111111,0.96
"Class: 383",0.777777777777778,0.888888888888889,0.7,0.923076923076923,0.7,0.777777777777778,0.736842105263158,0.25,0.194444444444444,0.277777777777778,0.833333333333333
"Class: 483",0.777777777777778,0.925925925925926,0.777777777777778,0.925925925925926,0.777777777777778,0.777777777777778,0.777777777777778,0.25,0.194444444444444,0.25,0.851851851851852
"Class: 184",0.5,0.966666666666667,0.75,0.90625,0.75,0.5,0.6,0.166666666666667,0.0833333333333333,0.111111111111111,0.733333333333333
"Class: 284",1,0.857142857142857,0.666666666666667,1,0.666666666666667,1,0.8,0.222222222222222,0.222222222222222,0.333333333333333,0.928571428571429
"Class: 384",0.7,0.961538461538462,0.875,0.892857142857143,0.875,0.7,0.777777777777778,0.277777777777778,0.194444444444444,0.222222222222222,0.830769230769231
"Class: 484",0.833333333333333,0.916666666666667,0.833333333333333,0.916666666666667,0.833333333333333,0.833333333333333,0.833333333333333,0.333333333333333,0.277777777777778,0.333333333333333,0.875
"Class: 185",1,1,1,1,1,1,1,0.111111111111111,0.111111111111111,0.111111111111111,1
"Class: 285",0.866666666666667,0.714285714285714,0.68421052631579,0.882352941176471,0.684210526315789,0.866666666666667,0.764705882352941,0.416666666666667,0.361111111111111,0.527777777777778,0.790476190476191
"Class: 385",0.555555555555556,0.851851851851852,0.555555555555556,0.851851851851852,0.555555555555556,0.555555555555556,0.555555555555556,0.25,0.138888888888889,0.25,0.703703703703704
"Class: 485",0.375,0.964285714285714,0.75,0.84375,0.75,0.375,0.5,0.222222222222222,0.0833333333333333,0.111111111111111,0.669642857142857
"Class: 186",0.444444444444444,1,1,0.84375,1,0.444444444444444,0.615384615384615,0.25,0.111111111111111,0.111111111111111,0.722222222222222
"Class: 286",0.777777777777778,0.740740740740741,0.5,0.909090909090909,0.5,0.777777777777778,0.608695652173913,0.25,0.194444444444444,0.388888888888889,0.759259259259259
"Class: 386",0.8,0.870967741935484,0.5,0.964285714285714,0.5,0.8,0.615384615384615,0.138888888888889,0.111111111111111,0.222222222222222,0.835483870967742
"Class: 486",0.538461538461538,0.869565217391304,0.7,0.769230769230769,0.7,0.538461538461538,0.608695652173913,0.361111111111111,0.194444444444444,0.277777777777778,0.704013377926421
"Class: 187",1,1,1,1,1,1,1,0.111111111111111,0.111111111111111,0.111111111111111,1
"Class: 287",0.888888888888889,0.925925925925926,0.8,0.961538461538462,0.8,0.888888888888889,0.842105263157895,0.25,0.222222222222222,0.277777777777778,0.907407407407407
"Class: 387",0.666666666666667,1,1,0.9,1,0.666666666666667,0.8,0.25,0.166666666666667,0.166666666666667,0.833333333333333
"Class: 487",1,0.909090909090909,0.875,1,0.875,1,0.933333333333333,0.388888888888889,0.388888888888889,0.444444444444444,0.954545454545455
"Class: 188",0.5,1,1,0.875,1,0.5,0.666666666666667,0.222222222222222,0.111111111111111,0.111111111111111,0.75
"Class: 288",0.625,0.821428571428571,0.5,0.884615384615385,0.5,0.625,0.555555555555556,0.222222222222222,0.138888888888889,0.277777777777778,0.723214285714286
"Class: 388",0.857142857142857,0.818181818181818,0.75,0.9,0.75,0.857142857142857,0.8,0.388888888888889,0.333333333333333,0.444444444444444,0.837662337662338
"Class: 488",0.166666666666667,0.833333333333333,0.166666666666667,0.833333333333333,0.166666666666667,0.166666666666667,0.166666666666667,0.166666666666667,0.0277777777777778,0.166666666666667,0.5
"Class: 189",0.8,0.961538461538462,0.888888888888889,0.925925925925926,0.888888888888889,0.8,0.842105263157895,0.277777777777778,0.222222222222222,0.25,0.880769230769231
"Class: 289",0.916666666666667,1,1,0.96,1,0.916666666666667,0.956521739130435,0.333333333333333,0.305555555555556,0.305555555555556,0.958333333333333
"Class: 389",0.875,0.964285714285714,0.875,0.964285714285714,0.875,0.875,0.875,0.222222222222222,0.194444444444444,0.222222222222222,0.919642857142857
"Class: 489",1,0.933333333333333,0.75,1,0.75,1,0.857142857142857,0.166666666666667,0.166666666666667,0.222222222222222,0.966666666666667
"Class: 190",0.625,1,1,0.903225806451613,1,0.625,0.769230769230769,0.222222222222222,0.138888888888889,0.138888888888889,0.8125
"Class: 290",0.818181818181818,0.76,0.6,0.904761904761905,0.6,0.818181818181818,0.692307692307692,0.305555555555556,0.25,0.416666666666667,0.789090909090909
"Class: 390",0.636363636363636,0.96,0.875,0.857142857142857,0.875,0.636363636363636,0.736842105263158,0.305555555555556,0.194444444444444,0.222222222222222,0.798181818181818
"Class: 490",0.666666666666667,0.866666666666667,0.5,0.928571428571429,0.5,0.666666666666667,0.571428571428572,0.166666666666667,0.111111111111111,0.222222222222222,0.766666666666667
"Class: 191",1,0.967741935483871,0.833333333333333,1,0.833333333333333,1,0.909090909090909,0.138888888888889,0.138888888888889,0.166666666666667,0.983870967741935
"Class: 291",1,0.85,0.842105263157895,1,0.842105263157895,1,0.914285714285714,0.444444444444444,0.444444444444444,0.527777777777778,0.925
"Class: 391",0.857142857142857,1,1,0.966666666666667,1,0.857142857142857,0.923076923076923,0.194444444444444,0.166666666666667,0.166666666666667,0.928571428571429
"Class: 491",0.625,1,1,0.903225806451613,1,0.625,0.769230769230769,0.222222222222222,0.138888888888889,0.138888888888889,0.8125
"Class: 192",0.666666666666667,0.966666666666667,0.8,0.935483870967742,0.8,0.666666666666667,0.727272727272727,0.166666666666667,0.111111111111111,0.138888888888889,0.816666666666667
"Class: 292",0.9,0.692307692307692,0.529411764705882,0.947368421052632,0.529411764705882,0.9,0.666666666666667,0.277777777777778,0.25,0.472222222222222,0.796153846153846
"Class: 392",0.444444444444444,0.888888888888889,0.571428571428571,0.827586206896552,0.571428571428571,0.444444444444444,0.5,0.25,0.111111111111111,0.194444444444444,0.666666666666667
"Class: 492",0.454545454545455,0.92,0.714285714285714,0.793103448275862,0.714285714285714,0.454545454545455,0.555555555555556,0.305555555555556,0.138888888888889,0.194444444444444,0.687272727272727
"Class: 193",0.833333333333333,1,1,0.967741935483871,1,0.833333333333333,0.909090909090909,0.166666666666667,0.138888888888889,0.138888888888889,0.916666666666667
"Class: 293",0.928571428571429,0.863636363636364,0.8125,0.95,0.8125,0.928571428571429,0.866666666666667,0.388888888888889,0.361111111111111,0.444444444444444,0.896103896103896
"Class: 393",0.875,0.928571428571429,0.777777777777778,0.962962962962963,0.777777777777778,0.875,0.823529411764706,0.222222222222222,0.194444444444444,0.25,0.901785714285714
"Class: 493",0.5,0.928571428571429,0.666666666666667,0.866666666666667,0.666666666666667,0.5,0.571428571428572,0.222222222222222,0.111111111111111,0.166666666666667,0.714285714285714
"Class: 194",0.6,1,1,0.866666666666667,1,0.6,0.75,0.277777777777778,0.166666666666667,0.166666666666667,0.8
"Class: 294",1,0.931034482758621,0.777777777777778,1,0.777777777777778,1,0.875,0.194444444444444,0.194444444444444,0.25,0.96551724137931
"Class: 394",0.888888888888889,0.925925925925926,0.8,0.961538461538462,0.8,0.888888888888889,0.842105263157895,0.25,0.222222222222222,0.277777777777778,0.907407407407407
"Class: 494",0.8,0.884615384615385,0.727272727272727,0.92,0.727272727272727,0.8,0.761904761904762,0.277777777777778,0.222222222222222,0.305555555555556,0.842307692307692
"Class: 195",0.666666666666667,0.966666666666667,0.8,0.935483870967742,0.8,0.666666666666667,0.727272727272727,0.166666666666667,0.111111111111111,0.138888888888889,0.816666666666667
"Class: 295",0.75,0.857142857142857,0.6,0.923076923076923,0.6,0.75,0.666666666666667,0.222222222222222,0.166666666666667,0.277777777777778,0.803571428571429
"Class: 395",0.857142857142857,0.931034482758621,0.75,0.964285714285714,0.75,0.857142857142857,0.8,0.194444444444444,0.166666666666667,0.222222222222222,0.894088669950739
"Class: 495",0.733333333333333,0.904761904761905,0.846153846153846,0.826086956521739,0.846153846153846,0.733333333333333,0.785714285714286,0.416666666666667,0.305555555555556,0.361111111111111,0.819047619047619
"Class: 196",0.571428571428571,0.896551724137931,0.571428571428572,0.896551724137931,0.571428571428571,0.571428571428571,0.571428571428571,0.194444444444444,0.111111111111111,0.194444444444444,0.733990147783251
"Class: 296",0.615384615384615,0.782608695652174,0.615384615384615,0.782608695652174,0.615384615384615,0.615384615384615,0.615384615384615,0.361111111111111,0.222222222222222,0.361111111111111,0.698996655518395
"Class: 396",0.285714285714286,0.931034482758621,0.5,0.84375,0.5,0.285714285714286,0.363636363636364,0.194444444444444,0.0555555555555556,0.111111111111111,0.608374384236453
"Class: 496",0.888888888888889,0.851851851851852,0.666666666666667,0.958333333333333,0.666666666666667,0.888888888888889,0.761904761904762,0.25,0.222222222222222,0.333333333333333,0.87037037037037
"Class: 197",0.5,0.964285714285714,0.8,0.870967741935484,0.8,0.5,0.615384615384615,0.222222222222222,0.111111111111111,0.138888888888889,0.732142857142857
"Class: 297",0.888888888888889,0.814814814814815,0.615384615384615,0.956521739130435,0.615384615384615,0.888888888888889,0.727272727272727,0.25,0.222222222222222,0.361111111111111,0.851851851851852
"Class: 397",0.875,0.892857142857143,0.7,0.961538461538462,0.7,0.875,0.777777777777778,0.222222222222222,0.194444444444444,0.277777777777778,0.883928571428571
"Class: 497",0.636363636363636,0.96,0.875,0.857142857142857,0.875,0.636363636363636,0.736842105263158,0.305555555555556,0.194444444444444,0.222222222222222,0.798181818181818
"Class: 198",0.833333333333333,0.966666666666667,0.833333333333333,0.966666666666667,0.833333333333333,0.833333333333333,0.833333333333333,0.166666666666667,0.138888888888889,0.166666666666667,0.9
"Class: 298",1,0.758620689655172,0.5,1,0.5,1,0.666666666666667,0.194444444444444,0.194444444444444,0.388888888888889,0.879310344827586
"Class: 398",0.666666666666667,0.958333333333333,0.888888888888889,0.851851851851852,0.888888888888889,0.666666666666667,0.761904761904762,0.333333333333333,0.222222222222222,0.25,0.8125
"Class: 498",0.545454545454545,0.96,0.857142857142857,0.827586206896552,0.857142857142857,0.545454545454545,0.666666666666667,0.305555555555556,0.166666666666667,0.194444444444444,0.752727272727273
"Class: 199",1,0.90625,0.571428571428572,1,0.571428571428571,1,0.727272727272727,0.111111111111111,0.111111111111111,0.194444444444444,0.953125
"Class: 299",1,0.827586206896552,0.583333333333333,1,0.583333333333333,1,0.736842105263158,0.194444444444444,0.194444444444444,0.333333333333333,0.913793103448276
"Class: 399",0.833333333333333,0.9,0.625,0.964285714285714,0.625,0.833333333333333,0.714285714285714,0.166666666666667,0.138888888888889,0.222222222222222,0.866666666666667
"Class: 499",0.473684210526316,1,1,0.62962962962963,1,0.473684210526316,0.642857142857143,0.527777777777778,0.25,0.25,0.736842105263158
